customer_id,first_name,last_name,email,phone,join_date,city,state,postal_code,birthdate,gender
1.0,HbolMJ,evblA,hbolmj@example.com,1652580863,2016-09-28,Kolkata,Delhi,560001,2019-10-01,
2.0,ncxgVe,GUsjd,,,,Mumbai,Karnataka,500081,,
3.0,HBmyoW,lqNcQ,,,,Delhi,Telangana,700001,,F
4.0,UHhhMC,wEsZh,,9781165354,,Bengaluru,Telangana,500081,,M
5.0,piaLLY,AfGRA,,3199954139,,Delhi,Telangana,560001,,M
6.0,YBgIXi,FYWNJ,,,,Ahmedabad,Delhi,560001,,M
7.0,rElldG,VSdmI,,1954781044,,Bengaluru,West Bengal,700001,,F
8.0,jBhjyT,QSfHC,jbhjyt@example.com,9981424039,,Hyderabad,West Bengal,,,F
9.0,jldMdq,yVBcA,,9562182564,,Hyderabad,West Bengal,700001,2017-04-09,F
10.0,gHxWWa,DfBAg,,9831876960,,Bengaluru,Karnataka,500081,,
11.0,CoFLkG,zVRew,,9076275400,2024-11-26,Chennai,Telangana,,,F
12.0,csWYcs,IsDTY,,8988073988,2024-02-03,Hyderabad,West Bengal,560001,,F
13.0,lQxpPl,krSYo,lqxppl@mail..com,,,Chennai,Maharashtra,400001,2021-06-07,M
14.0,fwLqFA,DnKaW,fwlqfa@mail..com,3063387334,,Mumbai,West Bengal,380001,,
15.0,DvRpkO,qwJAP,,9266092381,2015-07-09,Ahmedabad,Gujarat,560001,,
16.0,DLtuhJ,SUOlP,dltuhj@mail..com,,2015-07-25,Bengaluru,Gujarat,,,F
17.0,FLARCU,ynmHN,flarcu@mail..com,,2022-01-11,Hyderabad,West Bengal,500081,,M
18.0,qChmKK,vCvkv,qchmkk@mail..com,9873037894,2023-05-20,Ahmedabad,Delhi,,,M
19.0,IPLRVY,VEIew,,0323737820,,Kolkata,Tamil Nadu,600001,,F
20.0,kbhgID,KNiFM,kbhgid@example.com,9103693706,2022-01-13,Bengaluru,Maharashtra,560001,,M
21.0,BIdHav,wsUxh,,9285447288,,Ahmedabad,Delhi,380001,,F
22.0,SjlPrT,oaXeL,,7664702635,,Pune,Telangana,700001,,M
23.0,plLqMX,jMoEN,pllqmx@mail..com,,2022-12-10,Hyderabad,Tamil Nadu,,,
24.0,TzTDyw,cWyQu,tztdyw@example.com,6015391767,,Ahmedabad,Maharashtra,380001,,
25.0,XfNGne,CivJy,xfngne@example.com,2280227581,2016-04-15,Mumbai,Gujarat,400001,,F
26.0,PEQVwy,uoCwF,,,,Hyderabad,Gujarat,400001,,M
27.0,jEHzes,ISrKo,,0021788084,2015-08-11,Kolkata,Delhi,,,F
28.0,ngoTzb,PKqav,,9418475289,,Mumbai,Telangana,,,M
29.0,oPvWAQ,pEZzh,opvwaq@mail..com,,,Pune,Maharashtra,110001,,
30.0,tSvqyV,ZPHhY,,9318090189,,Hyderabad,West Bengal,380001,,M
31.0,SStqLN,bdGVZ,sstqln@example.com,,,Ahmedabad,Maharashtra,600001,2015-08-07,M
32.0,pthBDP,eTGmV,,4220896143,,Pune,Delhi,500081,,F
33.0,ftspKb,uaSOY,ftspkb@mail..com,,,Delhi,Maharashtra,110001,,
34.0,nNNJhf,cPbsg,,,,Mumbai,Gujarat,,2025-06-11,
35.0,TPydNl,JuRCe,,9213723636,,Kolkata,Karnataka,560001,,
36.0,pvhXpz,UhxIM,pvhxpz@mail..com,,2021-08-02,Pune,Gujarat,,,M
37.0,btxXSf,CYsuj,btxxsf@example.com,,2016-01-11,Chennai,Maharashtra,110001,,M
38.0,RCEQmO,EoZZC,,9600723107,,Bengaluru,Gujarat,700001,,F
39.0,AXcOTB,YdyuJ,,,,Kolkata,Tamil Nadu,400001,,F
40.0,ZBxFfK,HNLlx,,,,Pune,Tamil Nadu,700001,,
41.0,nXJyee,MtgdX,nxjyee@mail..com,,,Hyderabad,Maharashtra,560001,,F
42.0,IlfRtN,PRYQF,ilfrtn@mail..com,9666027931,,Bengaluru,West Bengal,600001,,F
43.0,vrtLOD,ciGJo,,,,Pune,Gujarat,,2016-11-04,F
44.0,fJEBql,ckXNN,,,,Bengaluru,West Bengal,600001,,F
45.0,VSDDKv,bqPGR,,9414408727,,Delhi,Maharashtra,700001,,F
46.0,fnjhNd,GyDEJ,fnjhnd@mail..com,3934467530,,Chennai,Gujarat,500081,,
47.0,EtEXMc,DjFAX,,9889060795,2021-11-02,Kolkata,Maharashtra,380001,2019-02-08,
48.0,FPHdeJ,LIVTr,fphdej@mail..com,9366170563,,Pune,Tamil Nadu,700001,,F
49.0,rNjZip,ACMBI,rnjzip@mail..com,5116697037,,Hyderabad,Gujarat,,,M
50.0,YOVkJD,OOAvi,,1268518827,,Mumbai,Tamil Nadu,110001,,M
51.0,Wvutue,qfLrh,wvutue@example.com,,,Bengaluru,Karnataka,400001,,M
52.0,OmgmHG,RzBGD,,,,Bengaluru,Telangana,,,F
53.0,TcutMs,mIfEN,,9336869411,,Chennai,Tamil Nadu,110001,,M
54.0,WAZCnN,sOTrg,,,,Ahmedabad,Delhi,700001,,F
55.0,JtPnew,Zjpfr,,,,Pune,Gujarat,600001,,M
56.0,AMibSJ,gmHsX,amibsj@example.com,1434013329,2015-04-17,Ahmedabad,Telangana,560001,2017-08-12,
57.0,xZoVzg,xUxeJ,,,2022-12-16,Kolkata,Tamil Nadu,110001,,F
58.0,PbCtPC,eqZLB,,0964638761,2025-11-01,Pune,Gujarat,600001,,
59.0,hiqKrW,RnHCg,,5519167685,,Bengaluru,West Bengal,500081,,
60.0,vHzGpX,PJpdd,,,,Delhi,Karnataka,700001,,
61.0,ZruNAf,gxhcX,zrunaf@mail..com,,2017-10-13,Kolkata,West Bengal,700001,,F
62.0,ZyTzeu,mEcoF,,,,Kolkata,Tamil Nadu,,2017-08-03,
63.0,puxCQG,gftZD,,1550134465,,Mumbai,Telangana,500081,,
64.0,RBKpQt,YEPLJ,rbkpqt@example.com,4977575166,,Mumbai,Karnataka,600001,,F
65.0,aqhJvO,TMdhk,,,,Kolkata,Delhi,,2018-03-11,
66.0,OLHKFj,DlYpp,,,,Kolkata,Gujarat,500081,,
67.0,JtYQXP,oLsxn,,2596165265,2022-02-26,Chennai,Maharashtra,,,M
68.0,YYiHTy,NoodN,yyihty@mail..com,5799181993,2020-07-22,Hyderabad,Tamil Nadu,500081,,M
69.0,oZCzWS,kfixn,,9775718885,,Bengaluru,Karnataka,,,M
70.0,nmNXpL,HKdgp,,9876693294,,Pune,Delhi,,,F
71.0,JEOBBs,fRUkB,,,,Chennai,Telangana,380001,,
72.0,yPLuQM,crdZW,ypluqm@example.com,,,Pune,Karnataka,380001,,F
73.0,TVtJIC,sjBBL,,9794743241,,Chennai,Delhi,600001,,M
74.0,fbFKcM,mlScA,,8735633162,,Chennai,Telangana,400001,,
75.0,zYWIOq,htNyS,,8959512269,,Bengaluru,Gujarat,110001,,F
76.0,JFTjNL,yTrXa,,9779673232,,Hyderabad,Telangana,,,
77.0,yRVtvD,hnWEv,,3384662896,,Mumbai,Maharashtra,400001,,F
78.0,VCHdbS,INvRm,,9240699605,,Chennai,Maharashtra,,,
79.0,QJPVff,jBQnu,,,2020-02-24,Delhi,Gujarat,560001,,M
80.0,vtyHKe,HrYYU,vtyhke@example.com,2884009850,,Chennai,Telangana,400001,,M
81.0,pDDSJC,MPJeM,,9020665936,,Ahmedabad,Telangana,380001,,
82.0,EtOpmd,tOius,etopmd@example.com,9947104551,,Bengaluru,Gujarat,700001,,M
83.0,pueUVY,ithpz,pueuvy@example.com,4440226511,,Pune,Telangana,380001,2024-07-01,F
84.0,rQSYhq,kqYYp,,7327391917,,Delhi,Maharashtra,560001,,
85.0,zGmILP,ZyuAV,,0978591261,,Pune,Maharashtra,380001,,M
86.0,nAAEDx,OEArb,naaedx@example.com,,,Ahmedabad,Telangana,,,M
87.0,wKqpQf,HJiZm,,1592416406,,Pune,West Bengal,110001,,
88.0,QdfTjq,nSBHF,qdftjq@mail..com,,,Kolkata,Delhi,400001,,
89.0,EIqmgt,uFDvz,eiqmgt@mail..com,5413403018,,Pune,Delhi,,,M
90.0,DPlblp,DOzAD,,8380759187,,Ahmedabad,Gujarat,560001,,F
91.0,kMJSFw,OQPDB,kmjsfw@mail..com,1925959817,,Hyderabad,Karnataka,400001,,
92.0,qmRuhG,tdPNu,,,,Kolkata,Gujarat,,,F
93.0,QzqoCg,OUNcG,,9184092616,,Bengaluru,Maharashtra,560001,,M
95.0,HwLGhv,SefNE,,,,Chennai,West Bengal,500081,,
96.0,uHOPmu,HdUas,,3845149050,,Chennai,Delhi,,,F
97.0,KeBGoq,kQBuG,kebgoq@example.com,,,Ahmedabad,Tamil Nadu,500081,,M
98.0,ahazsA,ntMTM,ahazsa@example.com,9345296450,2024-08-20,Kolkata,Gujarat,560001,,F
99.0,MaSacs,jXbPL,,3472035918,,Bengaluru,Gujarat,500081,2023-04-09,M
100.0,extpOM,tYZOM,extpom@mail..com,1905660373,,Bengaluru,Karnataka,380001,,F
101.0,LeVUBK,YeegQ,levubk@example.com,5492238773,2018-01-18,Bengaluru,Karnataka,560001,,F
102.0,xqgsOx,SePpK,xqgsox@mail..com,9281793028,,Pune,Telangana,,,F
103.0,fPgdOl,uJWeE,fpgdol@example.com,9916808819,2015-07-27,Pune,Delhi,,,
104.0,wsVoxh,GHzTy,wsvoxh@example.com,,,Pune,Maharashtra,,,M
105.0,VAujql,OdZBN,,1628909287,2018-12-24,Mumbai,Maharashtra,700001,,
106.0,KXDDjZ,zqzem,,9509217983,2015-03-31,Mumbai,Gujarat,,,M
107.0,tWufph,XPXHj,twufph@mail..com,7251361799,,Mumbai,Gujarat,110001,,F
108.0,hMmZiU,KHUxn,,9377044148,,Bengaluru,Gujarat,110001,,M
109.0,Pbbnfr,idWYr,pbbnfr@mail..com,,,Pune,Karnataka,380001,,M
110.0,rYvCWC,peuCz,ryvcwc@example.com,,,Delhi,Maharashtra,560001,,M
111.0,OyUnHu,tjcwn,,0760359558,,Ahmedabad,Karnataka,,,F
112.0,ULAUPJ,gNiZY,,0062815378,,Pune,Gujarat,500081,,M
113.0,OGBvvh,NWWDf,,8826541466,,Pune,Maharashtra,110001,,M
114.0,UbQpoz,fTgYx,,,,Kolkata,Telangana,400001,,
115.0,AhSTbk,RmxVK,,,,Ahmedabad,Gujarat,,,M
116.0,iUMJou,DYSHJ,,,,Chennai,Karnataka,400001,,F
117.0,nPpYHw,snyJQ,,1568366210,,Hyderabad,West Bengal,500081,,
118.0,NUPPFI,LIZnv,,9598376649,,Mumbai,Telangana,400001,,F
119.0,gnQNjJ,esMpO,,,,Ahmedabad,Telangana,560001,,
120.0,pcShkv,VxqLO,,,2023-07-15,Mumbai,Gujarat,560001,,
121.0,wwyaBL,UNBaa,,6313518227,,Pune,Karnataka,700001,,M
122.0,NiVQal,kbAgK,nivqal@example.com,,,Chennai,Tamil Nadu,560001,,M
123.0,JvtCyh,GpIIo,jvtcyh@mail..com,4856274678,2025-11-29,Kolkata,Maharashtra,400001,,F
124.0,Jymaef,zXOdL,,4920888364,,Chennai,Karnataka,400001,2018-08-09,F
125.0,XnMtrf,xRJyv,,9179819454,,Kolkata,Gujarat,400001,,M
126.0,UwdIaT,MLlXT,uwdiat@mail..com,6647466188,,Chennai,Karnataka,,,F
127.0,TdzmYc,HumxP,,9841461450,,Delhi,Delhi,700001,,F
128.0,RrNFLs,fIasG,,5701177161,,Delhi,Gujarat,110001,,M
129.0,NcGIgU,EAYaM,ncgigu@mail..com,,,Mumbai,Karnataka,400001,,
130.0,FTAuYV,oYYxg,,7727879626,,Mumbai,West Bengal,400001,,
131.0,gsyDIv,RoSQB,gsydiv@example.com,,,Chennai,Gujarat,400001,,F
132.0,RJpNbQ,TMSMD,,7726939935,,Delhi,Gujarat,,,
133.0,KHNCFO,pjJjj,khncfo@mail..com,9345152371,,Chennai,West Bengal,500081,2020-02-07,M
134.0,OqljdA,Bellr,,,,Bengaluru,Delhi,110001,,M
135.0,JqVXuC,VQtPx,jqvxuc@example.com,,,Bengaluru,West Bengal,110001,,M
136.0,kRTMwQ,JbLbd,,,,Pune,Delhi,560001,,
137.0,LdMcSs,pJFoW,,,,Ahmedabad,Karnataka,400001,,
138.0,pGpUYT,XaThc,pgpuyt@mail..com,3502772981,2017-01-23,Hyderabad,Karnataka,600001,,
139.0,CpdfLz,gIfGU,,,,Hyderabad,Karnataka,700001,,F
140.0,iqOLHo,JryxO,,1602881767,,Chennai,Telangana,380001,,M
141.0,CCZyOt,OMpyA,,,2016-11-10,Ahmedabad,Telangana,400001,,M
142.0,cNmnmI,PuVTc,,9758825163,,Hyderabad,Karnataka,,,M
143.0,zzFAhi,HkjsL,zzfahi@example.com,4316456421,2021-08-23,Mumbai,Tamil Nadu,400001,,M
144.0,VAvYHT,QXlFy,,2415765169,,Delhi,Karnataka,560001,,
145.0,SAvhfy,cOAgz,,5096448649,,Kolkata,West Bengal,560001,,M
146.0,ymSoTv,KPEga,,,,Kolkata,West Bengal,380001,,F
147.0,CCjDzZ,OuhSg,,,2023-10-13,Bengaluru,Delhi,700001,,F
148.0,uHPQyF,ntFLW,,6290714089,,Delhi,Telangana,,,
149.0,ibmaiZ,suEAM,ibmaiz@example.com,9575538294,,Hyderabad,Telangana,560001,,
150.0,pXPXTQ,KYDON,,,,Ahmedabad,Tamil Nadu,380001,,
151.0,KPvsBK,ouMrC,,,,Delhi,Maharashtra,400001,,F
152.0,MmmnlR,sOgeX,,0898338852,,Pune,Telangana,400001,,F
153.0,WbsSOx,AqaJt,wbssox@example.com,,,Kolkata,Delhi,110001,,M
154.0,SojgDl,omwth,,,,Mumbai,Karnataka,,,F
155.0,pDDuJd,yGxrs,pddujd@mail..com,9201891561,,Kolkata,Telangana,,,M
156.0,toGhiQ,GDSdi,,,,Ahmedabad,Karnataka,600001,,
157.0,nMMkue,ycOBZ,nmmkue@example.com,,,Ahmedabad,Karnataka,,,M
158.0,bsVSyT,ChXCE,,4659420341,,Mumbai,Delhi,,,F
159.0,pNPFPC,TwmLH,,2427986278,2019-08-19,Bengaluru,Maharashtra,560001,,
160.0,xKzqhY,Yogwa,xkzqhy@example.com,0247436007,,Hyderabad,Tamil Nadu,,,F
161.0,UntaYL,YmZkM,untayl@example.com,6239917751,,Delhi,Tamil Nadu,110001,,F
163.0,kJshUz,pKjjs,,,,Hyderabad,Delhi,600001,,
164.0,jaSOmL,CuBzC,jasoml@mail..com,,2024-05-13,Mumbai,Karnataka,560001,,M
165.0,bHuzGE,lLaVI,bhuzge@example.com,,,Kolkata,Delhi,700001,,
166.0,ncdpXX,LBjBm,,7416346811,,Mumbai,Telangana,,,M
167.0,CZRvGQ,mCtCM,,,,Chennai,Maharashtra,600001,,M
168.0,aZlqOX,VADDe,,,,Pune,Karnataka,560001,2023-11-02,F
169.0,iQJDVE,MDecO,,,,Delhi,Gujarat,600001,,M
170.0,pcChAl,MuxEA,,,,Mumbai,Tamil Nadu,,,
171.0,ueAOgh,zHkGM,,0739064335,,Mumbai,Telangana,,,F
172.0,cQktNS,cXWTQ,cqktns@example.com,,2021-01-12,Delhi,Gujarat,500081,,
173.0,LhKaEI,ioPGc,lhkaei@example.com,9328680862,,Kolkata,Telangana,,,F
174.0,AxWbmB,uissG,,2023999923,2019-05-29,Bengaluru,Telangana,110001,,
175.0,hYVrCk,CPSqK,hyvrck@mail..com,4976510571,2024-05-31,Chennai,Delhi,380001,,
176.0,WUWoOf,NFnDm,,6364567384,2016-07-17,Delhi,Delhi,600001,,F
177.0,lIkkjX,GJTUw,likkjx@example.com,7336755875,,Chennai,Karnataka,,,
178.0,cuNYjw,OoipV,cunyjw@mail..com,4605158533,2015-04-13,Ahmedabad,West Bengal,110001,,M
179.0,nJVPLg,xsBtP,njvplg@mail..com,9337956181,,Pune,West Bengal,,,M
180.0,UXaNaz,PFzlI,,,,Chennai,Telangana,500081,,M
181.0,jcshbE,refZi,,6655973073,,Bengaluru,Gujarat,,,F
182.0,gKoBBK,fLGZz,gkobbk@mail..com,,2025-05-25,Ahmedabad,West Bengal,,,
183.0,mpkgyP,kFvcs,,9662035713,,Mumbai,Gujarat,700001,,F
184.0,PHzGUB,OvMRp,,5267839209,2022-01-10,Pune,Tamil Nadu,500081,,
185.0,bvzmxX,pfOOV,,0451975718,2024-03-21,Delhi,Delhi,380001,,M
186.0,qcSTrU,NMbNH,,,2018-01-21,Mumbai,Tamil Nadu,,,F
187.0,CCoXPD,qUCcb,ccoxpd@example.com,9303786643,2018-09-23,Bengaluru,Gujarat,,,M
188.0,QVyxJK,mlSGV,,6678404341,,Mumbai,Delhi,560001,,M
189.0,BuvGCY,rQEOw,,6167781530,2019-12-29,Hyderabad,Tamil Nadu,560001,,M
190.0,zIeQUU,ahhBu,ziequu@mail..com,,2017-03-12,Kolkata,Gujarat,500081,,
191.0,ZreaZv,ptCcK,,9882733335,2022-06-06,Ahmedabad,Telangana,380001,,F
192.0,iZIgda,zwZeH,,,,Mumbai,Delhi,,,F
193.0,sjFESm,vCtYD,,9590758725,,Delhi,West Bengal,560001,2022-02-09,
194.0,crOyAy,vXPpb,croyay@mail..com,,,Chennai,Tamil Nadu,400001,,M
195.0,nGonMF,MItjO,,,,Kolkata,Karnataka,400001,,F
196.0,OmwHkM,HNgiu,,,2023-05-15,Pune,Delhi,,,
197.0,TaWxJY,cVHXw,,,2022-07-28,Delhi,West Bengal,400001,,
198.0,advBJs,nbGcE,,6718168598,2022-10-20,Hyderabad,West Bengal,560001,,M
199.0,OJIOnO,duZnQ,,,,Delhi,Karnataka,,,
200.0,NlHVLf,DnxUh,nlhvlf@example.com,9627955944,,Delhi,West Bengal,,2016-11-05,M
201.0,JuGXeB,exNHj,jugxeb@example.com,,2022-05-30,Hyderabad,Tamil Nadu,700001,,
202.0,wjbbZm,PHzYQ,wjbbzm@example.com,9337426598,2021-01-06,Delhi,Tamil Nadu,400001,,F
203.0,VGmHaG,QfFRd,vgmhag@example.com,9472848963,2025-12-11,Kolkata,Gujarat,110001,,
204.0,jdoNit,mEgPG,,0401068487,2022-10-06,Delhi,Maharashtra,,,F
205.0,WFbjzX,Osamg,wfbjzx@mail..com,9689546201,,Ahmedabad,West Bengal,600001,2015-10-08,M
206.0,knGUxf,BibAd,,,,Pune,West Bengal,700001,,M
207.0,lmvkUd,cwlFj,,4132305214,2019-09-10,Kolkata,Maharashtra,400001,,
208.0,YSeSzZ,RoLMm,,,2021-07-01,Mumbai,Tamil Nadu,380001,,F
209.0,MAwuQK,zeNKv,,3290614559,2020-03-14,Pune,Gujarat,700001,,
210.0,GSdUrb,oXCPO,gsdurb@example.com,8709681363,,Delhi,Maharashtra,110001,,
211.0,yWEXkM,snJod,,,,Ahmedabad,West Bengal,,2025-01-02,F
212.0,GPXQWd,xeUoX,gpxqwd@example.com,2648562951,,Ahmedabad,Tamil Nadu,500081,,M
213.0,TmXHvr,qEKRx,,1712497034,2016-11-12,Hyderabad,Karnataka,400001,,M
214.0,cqgnjD,qrtCi,,9944143079,,Ahmedabad,Gujarat,400001,,M
215.0,JMUhCq,RxecH,jmuhcq@mail..com,2920546051,,Kolkata,West Bengal,380001,,M
216.0,arqxDl,MvxiL,,,,Mumbai,Delhi,,,
217.0,NevVvC,NhjtC,nevvvc@example.com,,2015-01-11,Hyderabad,West Bengal,,,F
218.0,jVHbNz,Fsywn,,9370251463,,Kolkata,Maharashtra,600001,2018-02-04,
219.0,HdkGNF,qqRPo,,9531127491,2017-06-11,Delhi,Gujarat,,,F
220.0,xdQWyq,QUFNr,,9711663294,,Bengaluru,Delhi,380001,,M
221.0,bIEyVc,afgFE,,6017253876,,Bengaluru,Gujarat,600001,,
222.0,joUBYf,AKtEw,joubyf@example.com,8945473454,,Chennai,Delhi,560001,,F
223.0,FqYxCp,jdRyJ,,9941460145,2016-02-21,Bengaluru,Karnataka,700001,,M
224.0,mwzNNE,PXsIX,,2712461000,,Mumbai,West Bengal,700001,,
225.0,GNIBzy,zACQC,gnibzy@example.com,9981484016,,Mumbai,Karnataka,500081,,F
226.0,NDzCCy,icnEt,,,,Kolkata,Delhi,700001,,M
227.0,cmmqeJ,fiBbI,,5404035304,2022-09-30,Kolkata,Gujarat,700001,,M
228.0,YkHYdS,npDPG,ykhyds@example.com,0308427638,,Delhi,Maharashtra,,,M
229.0,GAjzIQ,nHQSV,gajziq@mail..com,9531163438,2015-09-21,Pune,Maharashtra,400001,,F
230.0,mhbPqz,vVkob,,1894080689,,Bengaluru,Gujarat,400001,,
231.0,MWBRXW,TmgPr,mwbrxw@mail..com,,2024-01-14,Pune,Tamil Nadu,400001,,F
232.0,vScBKf,ymoOh,,,,Delhi,Delhi,500081,2022-02-03,
233.0,gTSuVu,neQmk,,,,Pune,Maharashtra,560001,,F
234.0,MWrvVf,ndvLC,,,,Chennai,Karnataka,,,M
235.0,uGqeiA,RNSJP,,,2020-05-13,Hyderabad,Telangana,700001,,F
236.0,etutRD,bDFle,,2806619150,,Ahmedabad,Delhi,560001,,F
237.0,XQnMtw,lQLjj,,9226936401,,Delhi,West Bengal,380001,2023-04-04,M
238.0,edrmVZ,YFMcn,edrmvz@mail..com,,,Kolkata,Telangana,600001,,M
239.0,izryeK,nqYzY,,,,Pune,Maharashtra,,,
240.0,SIPchl,nKwZW,sipchl@example.com,,,Ahmedabad,Gujarat,400001,,M
241.0,koRMQD,lZaNj,kormqd@example.com,7680663598,,Bengaluru,West Bengal,,2020-03-02,
242.0,IrcGxX,VPgSP,,,2017-11-11,Delhi,Gujarat,380001,,F
243.0,iOoNIg,wPqJg,ioonig@example.com,,,Pune,Telangana,400001,,M
244.0,crylJi,GBpwV,,,,Bengaluru,Telangana,560001,,F
245.0,eIDnne,fIjju,eidnne@example.com,,,Kolkata,Delhi,,,M
246.0,YTjjMF,fBagi,,,,Ahmedabad,Gujarat,700001,,M
247.0,ehjQKj,zhmRS,ehjqkj@mail..com,0714197440,2020-01-16,Delhi,Gujarat,380001,,M
248.0,fSwvzE,ZbuAL,,7543084449,,Pune,Maharashtra,110001,2020-06-04,F
249.0,mlVrFR,gpKXR,,,2023-12-20,Delhi,West Bengal,560001,,F
250.0,jizPXz,CZsnJ,,0046122330,,Mumbai,Gujarat,,,
251.0,cXPYNY,FSfDA,,9891245706,2018-10-02,Bengaluru,Delhi,380001,,F
252.0,RyoinL,GmNBO,,,,Ahmedabad,Telangana,700001,,F
253.0,haPXeq,idNIH,hapxeq@mail..com,9997894878,,Kolkata,Maharashtra,,,
254.0,vHUGGw,QHOTe,vhuggw@mail..com,,,Hyderabad,Gujarat,400001,,
255.0,EmOLZf,tGscH,emolzf@example.com,,,Ahmedabad,Karnataka,,,M
256.0,pIQDht,fAkOx,,,,Bengaluru,Delhi,400001,,F
257.0,eJuDOT,HZJXM,,1171781247,,Bengaluru,Delhi,560001,2016-10-05,
258.0,pBgptp,hOvWp,,1705004343,,Mumbai,Telangana,,,
259.0,xTqPIv,uCXUM,xtqpiv@example.com,7577515165,2015-08-05,Ahmedabad,Tamil Nadu,560001,,M
260.0,okRREe,qEzWr,,,,Pune,Tamil Nadu,560001,,M
261.0,hnepvi,qbduq,,,2021-09-11,Ahmedabad,Telangana,380001,,M
262.0,dyvzvm,nYJmC,,,,Mumbai,Telangana,380001,,M
263.0,ayRpYa,zFRts,,8215006879,,Delhi,Gujarat,700001,,
264.0,nNxmZr,FaJHa,,9964877576,,Ahmedabad,Maharashtra,380001,2024-12-04,F
265.0,jNKayW,lboVs,jnkayw@example.com,6829904760,,Bengaluru,Telangana,,,
266.0,kMIFjE,gWSTL,,8096668046,,Kolkata,Delhi,500081,,F
267.0,sNTlov,akeDb,,,,Delhi,Maharashtra,500081,,M
268.0,yQEGrn,mrcrP,yqegrn@example.com,6765000380,,Ahmedabad,Telangana,380001,,
269.0,ccSuGv,OGxyw,ccsugv@mail..com,1660551075,2024-06-05,Mumbai,Maharashtra,700001,,
270.0,GjhcgE,HsECh,,,,Delhi,Gujarat,,,F
271.0,rYHkdj,JyKSD,,2318949664,2017-05-23,Ahmedabad,Gujarat,700001,,F
272.0,uQaasC,wGVsY,,2221821121,2024-04-28,Pune,Tamil Nadu,700001,,M
273.0,xttiBP,wKgTg,,5634697582,,Delhi,Gujarat,500081,,
274.0,YUkeyI,ANHAz,,3367424950,2017-06-18,Ahmedabad,Delhi,110001,,F
275.0,DWtCge,sEyGw,,,,Ahmedabad,Delhi,600001,,F
276.0,ndUpAC,olgsC,,6277816187,,Chennai,Maharashtra,700001,,F
277.0,QNaIZX,lLkmE,qnaizx@mail..com,,,Kolkata,Maharashtra,110001,,F
278.0,wSbhTp,zIslw,,2550199579,,Pune,Delhi,560001,,F
279.0,yrYHpi,jQFbk,,,2015-02-15,Kolkata,Delhi,380001,,F
280.0,BydXTg,wKyFW,bydxtg@mail..com,5620103859,,Ahmedabad,Tamil Nadu,560001,,M
281.0,KLpFQj,UMxVj,klpfqj@mail..com,9392826296,2023-02-06,Ahmedabad,Gujarat,,2016-11-05,M
282.0,NAOvik,bHJyr,,3019374052,,Mumbai,Maharashtra,400001,,
283.0,fpBueN,hslbJ,,,,Bengaluru,Maharashtra,,,M
284.0,ONWtme,ZrjIl,onwtme@example.com,7058366934,2017-08-09,Bengaluru,Karnataka,600001,2019-06-07,M
285.0,uxdQHt,lpFZf,uxdqht@mail..com,1959669636,,Ahmedabad,Tamil Nadu,,,
286.0,EZmGUq,NGdtp,,,,Delhi,Telangana,,,F
287.0,oHNBYH,bSrmC,,6334080161,2017-04-16,Bengaluru,Telangana,110001,,F
288.0,LqLmjm,xHoOe,,,2019-03-28,Ahmedabad,Telangana,380001,,F
289.0,btSNVE,Lnyxt,btsnve@mail..com,,,Mumbai,Karnataka,400001,,M
290.0,aALzWW,tzHEv,aalzww@example.com,9351429754,,Chennai,Delhi,110001,,M
291.0,VsKbIh,XhmEI,,9107379098,,Hyderabad,Telangana,,,
292.0,qvTLeH,rhMWu,,9980065671,2019-03-15,Mumbai,Karnataka,,,F
293.0,DlkMQj,TwVfH,dlkmqj@example.com,,,Chennai,Gujarat,600001,,M
294.0,kPtBYn,NFrJr,,9630331467,2024-12-16,Chennai,Gujarat,,,M
295.0,xJTAIa,WqGTY,,,,Pune,Gujarat,560001,,F
296.0,ZSVMpk,BDSAg,zsvmpk@example.com,,,Ahmedabad,Karnataka,110001,,
297.0,KfZbWq,oLIXI,,6473259039,,Pune,Karnataka,500081,,M
298.0,frEjWD,qtMqE,,,,Kolkata,Gujarat,400001,,M
299.0,uBxhXR,xFhIP,ubxhxr@example.com,3562856229,,Mumbai,Karnataka,110001,,F
300.0,SLpQVi,uvysu,slpqvi@example.com,7297503780,,Ahmedabad,Telangana,400001,,M
301.0,UkPkHs,fOStZ,,9091096596,2019-07-13,Chennai,Delhi,,,
302.0,MOZIey,tGxag,moziey@example.com,,2022-03-12,Chennai,Telangana,,,
303.0,jzHwDf,VPjQb,jzhwdf@mail..com,7508586726,2016-04-25,Mumbai,Delhi,700001,,F
304.0,DHenNe,pYiYI,,,,Kolkata,Maharashtra,,,
305.0,fQmjpR,FlsgG,fqmjpr@example.com,2394024650,,Delhi,Telangana,,,F
306.0,QqOtYm,BJvre,,,,Bengaluru,Tamil Nadu,400001,,
307.0,QzBKTC,UiXur,qzbktc@mail..com,5841051137,,Delhi,Delhi,,,M
308.0,PAowWT,pSXvq,paowwt@example.com,9020502980,,Mumbai,Telangana,,,F
309.0,ajRawB,ZIVZX,ajrawb@mail..com,9696852085,,Pune,Karnataka,700001,,M
310.0,VmCNgp,lMDlp,vmcngp@mail..com,9988004213,2023-02-07,Pune,Tamil Nadu,380001,,M
311.0,BUvVaO,ytsUB,,9964170871,,Mumbai,West Bengal,700001,,F
312.0,IXXZgz,JgNOu,,1101572639,,Pune,Maharashtra,,,F
313.0,GLjofn,IwyOf,gljofn@mail..com,1956210994,2021-11-30,Bengaluru,Delhi,380001,,
314.0,GmryAH,oosvq,gmryah@example.com,0072491193,,Bengaluru,West Bengal,,,M
315.0,sQMEFm,EefGF,sqmefm@example.com,9881409634,2023-07-15,Mumbai,Karnataka,380001,2021-04-03,
316.0,YUxLVd,WAbFK,,,,Bengaluru,Gujarat,,,F
317.0,FkaDEa,AALnS,,,,Mumbai,Gujarat,600001,,F
318.0,BasFte,CLvFq,basfte@example.com,9829195977,,Hyderabad,West Bengal,,,F
319.0,qkGSux,whyzx,,5912388611,2019-10-13,Ahmedabad,Delhi,560001,,
320.0,Naftfa,WgOnW,naftfa@mail..com,9707588017,,Mumbai,Delhi,400001,,
321.0,JGgQfp,RhVbw,,,,Ahmedabad,Tamil Nadu,110001,,M
322.0,drsWec,wrjwU,,8319698700,2025-06-18,Mumbai,Delhi,,,M
323.0,fwLhqg,szzYF,,8624455835,2019-09-24,Bengaluru,Tamil Nadu,110001,,M
324.0,DXVdsS,QphSY,,2271617640,,Ahmedabad,Gujarat,400001,,M
325.0,hmaRvN,hBXyL,,9218075086,,Hyderabad,Telangana,500081,,F
326.0,WoetXM,cuQYF,woetxm@example.com,,,Pune,Karnataka,600001,2024-04-01,
327.0,wofsOr,iflaV,,2920509400,,Kolkata,Delhi,,2017-09-03,F
328.0,LYKfvM,PhEtE,lykfvm@example.com,,2017-08-06,Mumbai,Karnataka,,,F
329.0,OrsSwU,ukFdh,,9818597003,,Mumbai,Telangana,700001,,M
330.0,jOnynT,hgDcS,,,2024-08-11,Ahmedabad,Gujarat,700001,,
331.0,vxTZcY,PKDif,,5828634581,,Pune,Karnataka,380001,,M
332.0,rFlMfx,XhlDZ,,9934408962,2022-02-16,Bengaluru,Maharashtra,380001,2015-01-12,
333.0,xvlUjc,wYpkW,,,2021-01-02,Pune,West Bengal,380001,,
334.0,OFeIGq,WMMqh,,4376279986,,Chennai,Karnataka,380001,,
335.0,tsXYDa,aUATK,,,,Kolkata,Delhi,,2025-03-12,M
336.0,WxtCiw,IJGKW,wxtciw@example.com,9816644790,,Hyderabad,Karnataka,110001,,
337.0,tkygYV,QKMat,,2828742940,,Kolkata,Telangana,380001,,F
338.0,GucWwW,Luqim,,1537981300,2015-02-17,Chennai,Telangana,560001,,M
339.0,MgxGsm,pBmOO,,9296651451,,Mumbai,Delhi,700001,,F
340.0,fPvzGk,UGxip,,6813395052,2016-05-13,Chennai,Telangana,,,F
341.0,TflrlL,nzXsC,,,,Pune,Delhi,110001,,F
342.0,JUouEN,PXzTw,,,,Ahmedabad,Tamil Nadu,,,M
343.0,FTXBuf,wjmlt,,,,Delhi,Delhi,500081,,
344.0,lDLXPI,HJwQk,ldlxpi@example.com,,,Hyderabad,Tamil Nadu,,2016-01-12,
345.0,tDoHSZ,oRuUV,tdohsz@example.com,,,Kolkata,Telangana,700001,,F
346.0,pZzHVR,flQhZ,,1193999827,,Hyderabad,Maharashtra,380001,,F
347.0,EgqhES,HIBmy,,,,Delhi,West Bengal,110001,,M
348.0,YdalQj,kEBSN,,,2022-05-08,Bengaluru,Karnataka,700001,,
349.0,AOjoip,HhTMm,,2453153234,,Ahmedabad,Tamil Nadu,600001,,
350.0,WkjjoF,fcmff,wkjjof@example.com,2012673178,,Delhi,Karnataka,700001,,
351.0,FMeAKy,Vmqdj,,9640981703,,Ahmedabad,Delhi,560001,,
352.0,JplANO,PrzsC,,,,Bengaluru,Telangana,600001,,F
353.0,IhzmMY,MkXHY,ihzmmy@mail..com,,2025-09-30,Hyderabad,Maharashtra,700001,,M
354.0,qcBrFw,YPoYz,,,2022-08-21,Hyderabad,West Bengal,400001,,M
355.0,dpxlQg,asRch,,6710291502,,Delhi,West Bengal,380001,,M
356.0,UVFjwT,hNnvk,,9294178056,,Ahmedabad,Delhi,380001,,F
357.0,bDXvNF,mAgCD,,9734088400,,Kolkata,Gujarat,500081,,
358.0,rdMJMc,hMzlJ,,,,Bengaluru,Telangana,560001,,F
359.0,kyRxcg,ZQRCQ,,1101725624,,Ahmedabad,Maharashtra,380001,,F
360.0,vwbxDa,HUGcV,,,,Hyderabad,Karnataka,700001,,M
361.0,UBAjhI,xShOI,,9963465975,,Kolkata,Gujarat,380001,,M
362.0,SiffWy,ZQMmU,,,,Bengaluru,Maharashtra,560001,,F
363.0,NFRWqK,ZDknw,,2188156628,,Kolkata,Telangana,,,M
364.0,jLVHzR,ysGDh,jlvhzr@example.com,,,Bengaluru,Karnataka,,,M
365.0,zcCbQp,usTio,zccbqp@mail..com,2563658599,,Chennai,Maharashtra,110001,,F
366.0,kQrNVd,PDFRP,,9956059200,2020-09-10,Kolkata,Maharashtra,110001,,M
367.0,OQBSJM,cNKww,,9489314025,,Chennai,Tamil Nadu,110001,,M
368.0,cwoqFU,guIId,cwoqfu@mail..com,4739279726,,Kolkata,Telangana,560001,2015-10-08,F
369.0,KGokhY,MktQh,,,,Bengaluru,Gujarat,600001,2018-12-01,
370.0,tReoFz,uckjw,treofz@example.com,,,Delhi,Maharashtra,380001,,
371.0,WNPCXW,ZBwLN,,9492926297,,Pune,Maharashtra,700001,2018-05-01,
372.0,QFgDqn,ywyYy,qfgdqn@mail..com,4508594272,2020-07-20,Delhi,Karnataka,600001,,
373.0,cJSEcL,LnnJS,,7630452338,,Pune,Karnataka,600001,,M
374.0,YUtXpb,phEfk,,7777935617,,Bengaluru,Karnataka,,,
375.0,MSBcyB,nRpmm,,4712783359,,Delhi,Delhi,110001,,
376.0,mVJIFP,gvAhz,,8012597104,2022-09-27,Bengaluru,Gujarat,,,F
377.0,suCLgU,EGZcM,,,,Ahmedabad,Delhi,500081,,
378.0,gjNVWe,EtHtw,gjnvwe@mail..com,2724055592,,Mumbai,Tamil Nadu,110001,,
379.0,Tqsioz,iWnFf,,,,Delhi,Gujarat,600001,,M
380.0,WDMBRp,KRxwn,,,,Kolkata,Maharashtra,500081,,
381.0,JUbfKB,DRGXG,,5821441416,2015-12-30,Chennai,Delhi,,,
382.0,jvntEH,Ijpmp,,,,Kolkata,Maharashtra,560001,,M
383.0,vxmwjX,sugTR,,4225870723,,Pune,Tamil Nadu,500081,,M
384.0,HcxlTB,fYFgC,hcxltb@example.com,,,Kolkata,Telangana,560001,,
385.0,kBZRuL,itvCm,kbzrul@example.com,9875570206,2022-09-19,Chennai,Tamil Nadu,380001,,F
386.0,QTSdAK,bMCVe,qtsdak@mail..com,,,Kolkata,West Bengal,600001,,F
387.0,knIype,DzVBm,kniype@example.com,,,Kolkata,West Bengal,560001,,
388.0,YumtDH,QYeiS,,2164752723,2018-10-15,Chennai,Telangana,380001,,M
389.0,JNPCqH,KASZe,jnpcqh@example.com,,,Pune,Tamil Nadu,400001,,F
390.0,kTfUzG,hTvag,,,2020-11-13,Kolkata,Maharashtra,,,M
392.0,GunCIe,LonfP,guncie@mail..com,,,Ahmedabad,Tamil Nadu,110001,,
393.0,hiTqUc,wIrAg,hitquc@mail..com,,,Ahmedabad,Gujarat,,,
394.0,RXXRKR,zPJDw,,0346725993,,Delhi,Telangana,110001,,M
395.0,etnVFb,ycKnG,etnvfb@mail..com,9899644878,,Chennai,West Bengal,400001,,F
396.0,eRgxKq,oSIMr,,9595948608,2020-08-16,Hyderabad,Delhi,600001,,
397.0,AiMRao,rDKDy,aimrao@example.com,9103601064,2024-11-02,Hyderabad,West Bengal,110001,,M
398.0,cKjhql,TjpKn,,,2024-04-29,Chennai,Telangana,380001,,
399.0,wHJprY,MnAkl,,9956443569,,Kolkata,Tamil Nadu,400001,,M
400.0,rUjsiC,wGEKM,,2336398795,,Hyderabad,Delhi,600001,,M
401.0,UYXkYN,rXYqN,,,2019-06-10,Ahmedabad,Karnataka,110001,,M
402.0,pjSwLi,OaifC,,9687701717,,Pune,Telangana,560001,,
403.0,MElFNt,QFNVH,,,,Delhi,Tamil Nadu,700001,,F
404.0,hqJynX,uAfPs,hqjynx@example.com,,,Mumbai,Telangana,,,M
405.0,zXuOpn,FPxty,,9114780097,2017-11-22,Ahmedabad,Delhi,500081,,F
406.0,xcFtwJ,bnpvx,,9530720076,,Kolkata,West Bengal,110001,,M
407.0,dthYHT,YeWMv,dthyht@example.com,9268841123,2020-10-06,Chennai,Delhi,110001,,M
408.0,MOoIFV,ovavg,,,,Bengaluru,Tamil Nadu,700001,,
409.0,oLREHr,Warsx,,,2017-05-12,Pune,Tamil Nadu,560001,,
410.0,ZeMBpN,yiEGD,,9727935391,2019-06-09,Delhi,Telangana,500081,,
411.0,YCslUo,GIJGH,ycsluo@mail..com,5247291840,,Ahmedabad,West Bengal,560001,,F
412.0,vHGhGZ,MXqmD,,9906735194,2023-02-09,Mumbai,West Bengal,110001,,M
413.0,dbExJx,jxHPR,,4900689804,,Chennai,Gujarat,600001,,
414.0,NsLAHw,hnQNf,,,,Bengaluru,West Bengal,,,M
415.0,rJrxno,hBbTD,,,2018-04-22,Mumbai,Maharashtra,380001,,M
416.0,SEhasA,AyUYH,sehasa@mail..com,3384151809,2018-11-03,Hyderabad,Karnataka,500081,,
417.0,kzDHaM,OUMsb,kzdham@example.com,,,Ahmedabad,Karnataka,110001,,
418.0,WSlLjY,oMMVV,,3227408070,,Ahmedabad,Karnataka,560001,,
419.0,zDESfU,kPFxa,,2634262536,,Ahmedabad,Gujarat,400001,,M
420.0,UAzjNI,SrJQk,uazjni@example.com,2535136511,,Mumbai,Telangana,400001,,
421.0,EvLlnW,tpLRq,,,,Pune,Delhi,600001,,M
422.0,HhxoQk,nRbwt,hhxoqk@mail..com,7764201795,,Pune,West Bengal,,,
423.0,EdcrBw,yTdYM,,5554356586,,Kolkata,Maharashtra,,,F
424.0,qlskYn,WhHwP,qlskyn@example.com,0935998352,,Bengaluru,Telangana,560001,,
425.0,SeVFZN,woxTM,,9154779842,,Chennai,Maharashtra,380001,2016-08-09,F
426.0,ENBHkQ,ULDjh,,1590130896,,Mumbai,Maharashtra,110001,,M
427.0,bTXgXb,Skcwk,,8019717146,,Pune,Tamil Nadu,,,M
428.0,AXatvY,sqdXH,,9688097808,,Mumbai,Karnataka,,,M
429.0,FkMpGQ,jAhQI,,9702438600,,Chennai,Karnataka,380001,,
430.0,Lifslv,YyvUw,lifslv@mail..com,9349163674,2023-05-25,Mumbai,Karnataka,400001,,
431.0,euUflj,rYIBE,,3317877679,2015-02-28,Chennai,Karnataka,400001,,M
432.0,DzrGQE,lGCgo,dzrgqe@mail..com,,,Bengaluru,Maharashtra,,,M
433.0,wbCeYR,LgsxC,wbceyr@example.com,1885167175,2023-09-30,Chennai,Maharashtra,,,M
434.0,iJHSlW,CXwkc,,,,Chennai,West Bengal,,,F
435.0,VFXdvh,NPXmO,,,2021-08-19,Delhi,Tamil Nadu,110001,,F
436.0,UgMXhx,Nagqf,ugmxhx@mail..com,,,Hyderabad,Telangana,,,
437.0,roZtUf,ETJPN,,1965386894,,Hyderabad,West Bengal,500081,,
438.0,AvRZef,mzEIf,,6568601860,,Delhi,West Bengal,380001,,
439.0,MsOSDB,QGOIb,msosdb@mail..com,0909878283,2025-12-01,Hyderabad,Tamil Nadu,700001,,F
440.0,kOCqus,RSrGM,,,2020-07-29,Pune,Gujarat,,2018-07-12,F
441.0,UNXqfE,KDNBu,unxqfe@example.com,0796813313,,Bengaluru,Karnataka,,,F
442.0,CIozRZ,lHlam,ciozrz@example.com,4459115359,,Kolkata,Maharashtra,380001,,F
443.0,qsXgSZ,BgZOA,,3867765945,,Ahmedabad,Delhi,560001,,M
444.0,DDcsTh,dLDXL,ddcsth@mail..com,,2019-10-31,Pune,Delhi,500081,,M
445.0,mPAvNY,SYcNE,mpavny@example.com,0411979809,,Kolkata,Delhi,380001,,F
446.0,KhresK,zjulZ,khresk@example.com,,,Kolkata,Tamil Nadu,,,M
447.0,ubVDSX,GjlrT,,3148758469,,Hyderabad,Tamil Nadu,700001,,
448.0,AUzFZV,WCuxg,auzfzv@mail..com,9332814399,,Bengaluru,Maharashtra,,,
449.0,HohNpG,tzzqz,,,,Delhi,Maharashtra,,2016-11-12,
450.0,cbYusB,JwASA,cbyusb@example.com,0987022609,,Hyderabad,Karnataka,700001,,F
451.0,tRchmI,vDSGk,,,,Pune,Delhi,500081,,F
452.0,naKcNg,dfiPd,nakcng@mail..com,,,Hyderabad,Maharashtra,560001,,F
453.0,QTXCzg,yflRj,qtxczg@example.com,4374765977,,Mumbai,Maharashtra,400001,,F
454.0,UctXAl,rLbwR,uctxal@mail..com,2153105077,,Chennai,Tamil Nadu,110001,,M
455.0,DQNglG,dHVWH,,3924296484,,Delhi,West Bengal,400001,,M
456.0,TtbPhx,CluRs,,,,Ahmedabad,Delhi,380001,,M
457.0,quLklj,TIGUC,,,,Chennai,Maharashtra,,,
458.0,tAjxKu,oMDiu,,4481939678,,Bengaluru,Tamil Nadu,600001,,M
459.0,WsMXpd,qVxrj,,9818119456,,Delhi,West Bengal,400001,,M
460.0,Nhttib,QWEjU,,3303166919,2025-10-08,Kolkata,Gujarat,560001,,M
461.0,GEZsnA,VbqiH,,,,Kolkata,Karnataka,600001,,M
462.0,tVtbIK,PSOvr,,,,Bengaluru,Karnataka,560001,,F
463.0,tiPOSa,PTGiG,,,,Mumbai,Tamil Nadu,600001,,F
464.0,ceqByk,FjoJS,ceqbyk@example.com,,,Bengaluru,Karnataka,500081,,
465.0,gNjSNl,RpvHl,,,2023-06-17,Bengaluru,Delhi,700001,,
466.0,NwJUxY,qOVKF,nwjuxy@example.com,2847447391,2021-08-02,Chennai,Delhi,,,M
467.0,WSYyUx,Nvbhq,,,,Pune,West Bengal,400001,,F
468.0,euhrbu,XClzL,,,2025-08-16,Ahmedabad,Tamil Nadu,700001,,M
469.0,XKFhAz,zXGrq,xkfhaz@mail..com,,,Mumbai,Maharashtra,700001,,M
470.0,DyatmX,VUGUy,,3769975976,2024-02-14,Ahmedabad,Tamil Nadu,700001,,F
471.0,NGezFU,nxOPo,,,,Mumbai,Maharashtra,,,
472.0,jWFpdU,AmtKS,,,,Mumbai,Delhi,,,M
473.0,fooKxi,XgTCt,,,,Pune,Delhi,400001,,
474.0,oDDTcL,ddhBW,,9793474556,2019-06-10,Bengaluru,Delhi,400001,,F
475.0,mHCcRl,lmhTA,,,,Chennai,Maharashtra,,,
476.0,dkblzs,TARuh,dkblzs@example.com,2551263321,,Chennai,West Bengal,,,F
477.0,jcPMTk,MRJUQ,,,2015-08-11,Hyderabad,Tamil Nadu,500081,,F
478.0,SkXurZ,izDoZ,,9688689933,2021-05-15,Bengaluru,Karnataka,110001,,
479.0,TdvbOU,nWUPk,tdvbou@example.com,,,Bengaluru,Karnataka,,2024-02-10,M
480.0,bDdJlu,bwyja,bddjlu@example.com,9987722691,,Chennai,Tamil Nadu,380001,,F
481.0,LMoetQ,tULCq,,,,Kolkata,Maharashtra,500081,,
482.0,CswFUr,yNSic,cswfur@mail..com,5581718260,,Chennai,Telangana,600001,,
483.0,lKrgMP,uIuEM,lkrgmp@example.com,6488107511,,Delhi,Maharashtra,110001,,F
484.0,bbgjOd,XvsuK,,,,Ahmedabad,Delhi,700001,,M
485.0,KStCfJ,sYzbc,,9450779472,,Kolkata,Gujarat,,,M
486.0,agSOWx,yKuWH,agsowx@example.com,,,Hyderabad,Delhi,560001,,M
487.0,kzaOPV,cjrJR,,,,Bengaluru,Karnataka,600001,,M
488.0,PwKUtC,bwKde,,,2019-07-02,Mumbai,Karnataka,560001,,
489.0,kICCyY,Egckp,,9350525383,,Delhi,Delhi,,,M
490.0,iCGSdI,hNyZd,,6469847033,,Pune,Gujarat,110001,,F
491.0,FPUHNi,oOwbd,fpuhni@example.com,7022693869,,Ahmedabad,Gujarat,,,F
492.0,rJYBGd,WTElW,,5338542467,2024-12-26,Hyderabad,West Bengal,700001,,F
493.0,PEjLTH,PRjHz,,,,Ahmedabad,Karnataka,500081,,M
494.0,gtCudQ,zWCQA,,2964143117,,Bengaluru,Telangana,,,M
495.0,WJkUDa,GowlG,wjkuda@mail..com,,2023-07-20,Mumbai,Gujarat,380001,,F
496.0,eMYoze,lxijl,emyoze@example.com,9235532107,2019-12-18,Pune,Gujarat,380001,2015-05-04,F
497.0,TzPBqz,RFtKF,,7234222640,2025-06-27,Bengaluru,Gujarat,600001,2019-12-05,M
498.0,tzLVen,tZyiS,tzlven@mail..com,5103027165,,Hyderabad,Maharashtra,400001,,M
499.0,TjvidT,DOTTM,,4410960727,,Ahmedabad,Maharashtra,400001,,F
500.0,OqioQA,uiySm,oqioqa@mail..com,,2017-10-13,Chennai,Delhi,400001,2015-03-01,F
501.0,BzNCLU,HBOER,,,,Kolkata,Tamil Nadu,380001,,M
502.0,tqkawH,SPMHp,,0244448440,2025-08-17,Bengaluru,Tamil Nadu,700001,,
503.0,TepQCc,SdrqA,tepqcc@example.com,9172025047,,Kolkata,Tamil Nadu,,,F
504.0,NwAICM,ZhQrL,,1903303915,2019-09-07,Pune,Maharashtra,110001,,F
505.0,SnzdyZ,zexUG,,,,Kolkata,Maharashtra,,,
506.0,OmQwoW,YZcEP,,9858294105,,Pune,Maharashtra,500081,,F
507.0,GXIOWc,wvYrt,,4993242283,,Pune,Tamil Nadu,560001,,F
508.0,CzeYQH,ajgZt,,0130900097,,Ahmedabad,Telangana,500081,,
509.0,odFnHK,FJbSI,,,,Hyderabad,Gujarat,380001,,M
510.0,IkxKbd,hZgLo,,,,Delhi,West Bengal,600001,,F
511.0,jdbSnj,IuKqg,,,,Mumbai,Gujarat,400001,,F
512.0,eTrchA,okjba,,,2020-08-14,Delhi,West Bengal,,,
513.0,ZFFwXP,LCCNc,,9467489962,2018-07-14,Ahmedabad,West Bengal,600001,,
514.0,VnnBcX,uwXPo,vnnbcx@mail..com,,,Chennai,Telangana,110001,,M
515.0,SWuLjI,wrmyf,,6649210935,,Bengaluru,Gujarat,560001,,F
516.0,dONojN,ARBAz,donojn@mail..com,,,Chennai,Telangana,560001,,F
517.0,rBJkZN,ruNfA,,1645697897,,Pune,Maharashtra,110001,,M
518.0,xasZWH,RYSeR,xaszwh@mail..com,5114973608,2018-07-22,Hyderabad,Delhi,500081,,M
519.0,WIZKQZ,SZYsz,,,,Hyderabad,West Bengal,560001,,
520.0,FSsenr,jlPmo,fssenr@mail..com,9079859614,,Hyderabad,Delhi,560001,,M
521.0,MheXaU,QvfiW,,9319718471,2023-04-11,Pune,Telangana,500081,,F
522.0,CdkIkB,vEVom,cdkikb@example.com,,,Chennai,Delhi,110001,,
523.0,gjHgIg,ZMMJg,,,,Bengaluru,Delhi,400001,,M
524.0,qvIJxk,ksTSI,,,,Pune,Tamil Nadu,380001,,M
525.0,ORMBkf,ojNyN,ormbkf@example.com,4322889244,,Delhi,Delhi,110001,,M
526.0,ntnfSA,udXfU,,7656751451,,Pune,Tamil Nadu,,,M
527.0,MLwKok,RFDey,,3837544561,2025-01-17,Delhi,Tamil Nadu,110001,,
528.0,ZdJYwh,lfnVv,,8809602579,,Ahmedabad,Telangana,400001,,F
529.0,QlvreE,owssx,,9795618201,2024-04-11,Delhi,Delhi,600001,,F
530.0,GbLLtN,RwJRi,,9101840104,2019-11-16,Mumbai,Telangana,,,F
531.0,iZBDXw,PonlM,izbdxw@example.com,4359816927,,Ahmedabad,West Bengal,400001,,
532.0,TPmcSC,CeBen,tpmcsc@mail..com,8048176014,,Kolkata,West Bengal,500081,2024-02-07,M
533.0,babIbQ,qNQEe,,,,Ahmedabad,Telangana,700001,,
534.0,hstfVH,neQFD,,,,Kolkata,Tamil Nadu,,,M
535.0,ccIUtH,Lohtg,,7593031575,,Chennai,Karnataka,380001,,
536.0,sZOOXS,gdPWS,,1550628194,2025-06-09,Delhi,Gujarat,110001,,F
537.0,nidKGp,DILvi,,,2023-06-26,Kolkata,Gujarat,,,M
538.0,qOeTQp,usNNT,qoetqp@example.com,4263629900,,Pune,Gujarat,500081,,F
539.0,MtCAjZ,YyRdJ,mtcajz@example.com,,,Delhi,Maharashtra,700001,,F
540.0,LPPeKx,TgcYm,lppekx@example.com,4169040007,,Kolkata,Tamil Nadu,,,
541.0,LBaVkb,ErvCR,lbavkb@mail..com,9234722917,,Delhi,Telangana,700001,,M
542.0,qdgBOo,luyRE,,1796504340,,Hyderabad,Telangana,380001,,M
543.0,GOrzuw,cKggO,gorzuw@example.com,9980833687,2019-05-02,Ahmedabad,West Bengal,110001,,F
544.0,nrcwCw,GzNHh,,8291357973,,Mumbai,Karnataka,110001,,
545.0,LcIxKF,tDKPo,,9742845594,,Hyderabad,West Bengal,,2016-03-01,F
546.0,BttXmr,bAqGY,,8188277459,,Chennai,Delhi,400001,,F
547.0,NYbwMq,LBlIF,,8565082034,,Mumbai,Telangana,380001,,
548.0,POvNCh,eCDrG,,9580887833,,Hyderabad,Gujarat,500081,,F
549.0,EOSoUS,iNaIA,eosous@mail..com,,,Bengaluru,Tamil Nadu,380001,,M
550.0,ekFQQb,tcHeG,ekfqqb@example.com,,,Pune,Tamil Nadu,700001,,M
551.0,azxoiL,huSIF,,9508789995,,Hyderabad,Telangana,,,F
552.0,kxegWs,kVuyW,,9299601324,,Mumbai,Telangana,700001,,F
553.0,ldIpnc,SqhuA,ldipnc@example.com,,,Chennai,Karnataka,500081,,F
554.0,yfhyPI,jaiez,yfhypi@mail..com,8115915747,,Delhi,Gujarat,110001,,M
555.0,SjJqbl,XbOEL,,,,Ahmedabad,Tamil Nadu,380001,,F
556.0,UAPSaN,hIils,,9966039964,,Mumbai,Telangana,400001,,F
557.0,NXCBJm,COTXg,nxcbjm@example.com,,,Hyderabad,Maharashtra,700001,,
558.0,esGAYN,IeWmC,,,2020-05-10,Mumbai,Telangana,,,M
559.0,YdGYzB,hGVAL,,3547756066,2023-11-20,Kolkata,Maharashtra,600001,2022-10-06,F
560.0,tGJDbg,COrtn,tgjdbg@mail..com,,,Delhi,Gujarat,500081,,
561.0,XJMSPR,WCUDf,,2691779193,2025-11-11,Pune,Karnataka,110001,2018-07-11,M
562.0,lZADut,znuSq,lzadut@mail..com,,,Bengaluru,Tamil Nadu,,,F
563.0,cBKEnb,kpqxq,,1738848524,,Chennai,Telangana,500081,,
564.0,SPoOeO,tBZKB,spooeo@mail..com,9687032557,2019-07-06,Mumbai,Telangana,380001,,M
565.0,SEvNCo,hKAZU,,6743878253,,Bengaluru,Delhi,700001,,M
566.0,TcPtlH,XgTTR,,,,Mumbai,Maharashtra,500081,,F
567.0,EZzzSZ,xHwXH,,9189792902,2024-02-15,Bengaluru,Karnataka,560001,,
569.0,YDnhiD,heQSM,,2108796142,2019-12-20,Mumbai,Tamil Nadu,700001,,F
570.0,DDFMTX,PIEHm,ddfmtx@mail..com,2167258253,,Ahmedabad,Delhi,,,F
571.0,pWDnnQ,FLjxQ,pwdnnq@mail..com,,2015-01-12,Mumbai,Karnataka,600001,,
572.0,UyBzfz,qEDVm,,9870737851,,Hyderabad,Delhi,,,M
573.0,JKLTIs,BWPVP,jkltis@example.com,0923057343,2024-10-10,Delhi,Telangana,560001,,
574.0,EOLEsb,yHMkF,,9590646136,2023-03-17,Bengaluru,Tamil Nadu,,,
575.0,hfOJgt,VcGbh,,7916705435,2022-05-28,Ahmedabad,West Bengal,500081,,F
576.0,NofoPJ,hraIZ,,2185739780,,Delhi,Telangana,700001,,M
577.0,OlxhjW,CuNgS,,9870994312,,Chennai,Telangana,600001,,F
578.0,wEvgSB,fqXiT,wevgsb@example.com,7800039957,,Pune,Maharashtra,560001,,
579.0,JZtwim,fRnwf,jztwim@mail..com,9775009751,,Bengaluru,Delhi,,,
580.0,fLtfET,rdeAv,fltfet@example.com,0739829941,2019-06-29,Bengaluru,Tamil Nadu,600001,,F
581.0,sSJxKF,kDrZP,,4894243805,2020-11-18,Mumbai,Delhi,600001,,M
582.0,uwqrEN,cEIgn,uwqren@example.com,,,Chennai,West Bengal,560001,,M
583.0,nFbEHF,VOBzl,nfbehf@example.com,4414671991,,Chennai,Telangana,500081,,F
584.0,NwkJAE,DfFPd,,8891204981,,Mumbai,West Bengal,600001,,M
585.0,SUCYet,FAAZE,,9040855260,,Pune,Maharashtra,,,M
586.0,xTsAWD,AwaiQ,,0440883050,,Mumbai,Delhi,500081,,
587.0,IDAyNE,WyHnE,,9277430861,2018-03-09,Kolkata,Maharashtra,560001,,
588.0,PPIupc,vHRtC,,4251413319,2021-07-03,Pune,Telangana,400001,,M
589.0,BBAFTh,yZNxD,,9602285773,2023-06-22,Delhi,Tamil Nadu,110001,,
590.0,vajmVq,uOKVs,,,2024-10-15,Hyderabad,Gujarat,380001,,F
591.0,NzVMOg,BNGCX,nzvmog@example.com,,2020-03-06,Bengaluru,Delhi,500081,,F
592.0,RGVGXC,BPmYu,rgvgxc@mail..com,4933803236,,Mumbai,West Bengal,400001,,M
593.0,mWUcfy,LlENC,,4296153530,,Mumbai,Telangana,500081,,M
594.0,VZJoUS,wvqwi,,,,Hyderabad,Karnataka,110001,,F
595.0,gStPTO,jvKcu,,6206611129,,Pune,Delhi,,,F
596.0,NFufjK,tYAXB,nfufjk@mail..com,,,Chennai,Telangana,,,
597.0,zDkeET,WUWoh,,,,Delhi,Karnataka,,,F
598.0,rEuNcC,HtnAq,reuncc@example.com,6232792092,,Hyderabad,Maharashtra,400001,,M
599.0,fXiLxO,MYJGQ,fxilxo@example.com,,,Delhi,Maharashtra,400001,,M
600.0,jRCJQU,aCPdO,,9271399358,2017-12-28,Kolkata,Maharashtra,600001,,
601.0,dTwAAd,ZonIs,,,2015-08-08,Kolkata,Delhi,110001,,M
602.0,HHVLqH,BXAnC,,5455186093,2021-06-28,Ahmedabad,Gujarat,,,M
603.0,tbeLFM,nnVRH,tbelfm@mail..com,,2016-10-28,Delhi,Tamil Nadu,400001,,
604.0,IzuQXD,AAcEW,,1802806341,,Ahmedabad,Tamil Nadu,600001,,M
605.0,jtedLU,qmXEN,,,,Kolkata,Gujarat,560001,,F
606.0,MZxNVa,orMtR,,9904832093,,Bengaluru,West Bengal,110001,,F
607.0,CfFVEO,BaONw,cffveo@mail..com,2155616755,,Ahmedabad,West Bengal,,,M
608.0,bPwsRD,bEgXg,,,2024-07-10,Pune,Tamil Nadu,,,
609.0,thdxrq,xxKIh,,,2021-10-02,Bengaluru,West Bengal,,,M
610.0,FEWwjh,rExQT,,,,Kolkata,Telangana,400001,,F
611.0,RtRKaM,uWUvX,,2184115377,,Bengaluru,West Bengal,,,
612.0,nxeZdW,WOadO,nxezdw@mail..com,9059688180,,Bengaluru,Tamil Nadu,700001,,M
613.0,QhcyQE,azVRH,qhcyqe@mail..com,7532815455,,Kolkata,Maharashtra,500081,,M
614.0,vMXPAh,PQeUL,vmxpah@example.com,9203562142,,Ahmedabad,Gujarat,110001,,F
615.0,BvoCcw,CZZUW,bvoccw@mail..com,5932976841,,Kolkata,Gujarat,,,
616.0,csGssu,jQECr,,9063091299,,Bengaluru,West Bengal,600001,2016-05-08,M
617.0,KxuJjG,GVqVn,kxujjg@example.com,9861979390,,Chennai,Tamil Nadu,700001,,M
618.0,YIJnGG,oXzNK,,,,Kolkata,Telangana,700001,,F
619.0,IRcZoJ,pLkUg,,,,Bengaluru,Maharashtra,560001,,
620.0,rFUXsN,tDhsd,rfuxsn@example.com,,,Chennai,Delhi,380001,,M
621.0,CLycKm,nJLXI,clyckm@mail..com,,,Ahmedabad,Gujarat,400001,,M
622.0,lGRdlt,UjfBj,lgrdlt@example.com,6572230075,,Chennai,Tamil Nadu,,,
623.0,naUgtx,GaUrY,,,2024-08-12,Bengaluru,West Bengal,380001,,F
624.0,cXmITP,htBey,,9619188270,,Mumbai,Gujarat,400001,2015-04-10,
625.0,OBVLJD,OAktC,obvljd@example.com,8549163577,,Delhi,Gujarat,110001,,
626.0,XAEUPo,qceAi,,0122199190,,Hyderabad,Maharashtra,110001,,
627.0,SMdYXE,KJMMg,,9271814396,2016-02-27,Kolkata,Tamil Nadu,400001,,F
628.0,rcnkJQ,PmRxs,rcnkjq@mail..com,9627669068,,Ahmedabad,Gujarat,600001,,
629.0,MBgOnR,QduiD,,9400489493,,Pune,Delhi,400001,,M
630.0,spoNnI,wYJFj,,4063411181,2018-04-25,Hyderabad,Delhi,400001,,
631.0,CqJfAA,cMXEJ,cqjfaa@example.com,9123806622,2018-10-19,Mumbai,Maharashtra,,,M
632.0,IsmmXX,JeKtI,,,,Hyderabad,Delhi,380001,2025-10-04,F
633.0,rxEUPn,UHXsm,,4839559022,2015-11-20,Kolkata,Tamil Nadu,,,
634.0,rRGWAQ,uhOtt,,,,Delhi,Gujarat,500081,,M
635.0,OEgjgQ,InCkP,,,,Hyderabad,Maharashtra,110001,,F
636.0,DlOlXJ,BJgWQ,,9074953286,2023-04-16,Pune,Telangana,,,
637.0,HJczHi,QbBPT,,9414641020,,Kolkata,Gujarat,,,M
638.0,WtHIcb,Sjgqq,,9462577238,,Ahmedabad,Tamil Nadu,110001,,F
639.0,GsiOjL,jLSOr,,3862216746,2017-02-17,Chennai,Gujarat,,,M
640.0,llwAYy,cYcjF,llwayy@example.com,8810013388,2021-03-17,Mumbai,Gujarat,,,
641.0,NBnukx,hYYZZ,,9567293985,2023-01-17,Mumbai,Maharashtra,380001,,F
642.0,QGZkIU,UPyPd,qgzkiu@example.com,0372806253,,Mumbai,West Bengal,560001,,F
643.0,ucOIlR,sdLPc,,,,Bengaluru,Gujarat,700001,,M
644.0,aWeLEk,Csjya,,9241066070,,Delhi,Gujarat,380001,,F
645.0,BHvDBl,zzeFO,,,,Chennai,Maharashtra,,,
646.0,CsRWWJ,KqfeO,,,2017-01-14,Bengaluru,Karnataka,560001,,M
647.0,ROztZD,VyKav,roztzd@mail..com,,,Hyderabad,Gujarat,380001,,M
648.0,DEWUeQ,sJbSb,,3640795694,,Mumbai,Delhi,110001,,M
649.0,KELjsi,vkpZS,keljsi@mail..com,,,Hyderabad,Delhi,110001,2018-07-05,M
650.0,TWplKO,pgDFm,twplko@mail..com,8925252407,2024-05-20,Mumbai,Telangana,700001,,F
651.0,FyWZIB,BSomf,fywzib@example.com,4018743832,,Kolkata,Gujarat,400001,,M
652.0,mcowpW,FDQhM,,9117488551,,Ahmedabad,Telangana,380001,,
653.0,FXnspn,uelCt,,,2015-05-18,Delhi,Maharashtra,400001,,F
654.0,IamxEA,PuQRb,,5279180648,,Hyderabad,Tamil Nadu,500081,2017-01-05,M
655.0,iBPtci,Xvrxr,,2517003512,2015-02-10,Chennai,Maharashtra,380001,,M
656.0,MgUOsQ,wOFsQ,,9162099752,2020-06-20,Delhi,Maharashtra,400001,,
657.0,pdYEMZ,eLXIg,pdyemz@example.com,,,Bengaluru,Delhi,,2018-08-08,F
658.0,fOFSWc,CBViJ,,,,Pune,Telangana,500081,,
659.0,LhmmjD,PfeYg,,0695870990,,Ahmedabad,Tamil Nadu,110001,,M
660.0,fYGKjq,Nzihz,,,2016-09-04,Bengaluru,Delhi,700001,2022-07-09,
661.0,TtXVMa,kYpxV,ttxvma@example.com,,,Chennai,Tamil Nadu,700001,,
662.0,JdNqOx,KjwIi,jdnqox@mail..com,,2016-11-29,Kolkata,Tamil Nadu,380001,,M
663.0,ChFbtL,EgqSW,,0536522686,,Mumbai,Delhi,560001,2018-05-10,
664.0,AHCfkf,NcoBS,,9808087326,,Kolkata,Gujarat,380001,,
665.0,zuUfEB,BuZNR,zuufeb@example.com,9719946485,,Pune,Gujarat,380001,,
666.0,gwgpjF,whdjp,gwgpjf@example.com,9265717995,,Bengaluru,Telangana,,,
667.0,FYoJfi,fCcTv,fyojfi@example.com,7031135103,,Mumbai,Telangana,110001,,M
668.0,CivQiO,dxBwQ,,8158858682,,Pune,Tamil Nadu,,,
669.0,YVNNjx,CYfYj,yvnnjx@mail..com,2260559317,,Ahmedabad,Gujarat,600001,,F
671.0,utXuti,DeqkG,utxuti@mail..com,8136660421,,Ahmedabad,Delhi,400001,,F
672.0,EZdwGz,CEpJn,,8229165342,,Kolkata,West Bengal,,,F
673.0,pEbpaF,AuaYg,pebpaf@example.com,3904590528,,Delhi,Telangana,,,M
674.0,zICmEy,MfsZm,,,,Chennai,Karnataka,600001,,
675.0,uJfUOs,VXufn,ujfuos@mail..com,8968240799,,Ahmedabad,West Bengal,600001,,
676.0,NwUgmV,YgEcz,,,,Kolkata,Tamil Nadu,380001,,M
677.0,qrFThW,jSgam,,,,Hyderabad,Delhi,380001,,
678.0,OtlwiS,Bqzeh,,,2023-04-24,Pune,Karnataka,560001,,
679.0,OmOhYz,oHMGC,,3161818115,,Bengaluru,Tamil Nadu,700001,,
680.0,Scqexp,NHshw,scqexp@mail..com,,,Delhi,Gujarat,110001,,F
681.0,zBlgle,JmHVY,,9558853151,,Mumbai,Tamil Nadu,700001,,F
682.0,JvRlrl,OcASs,,2847431850,2018-06-25,Delhi,Karnataka,500081,,
683.0,PnVcEE,bcErl,pnvcee@example.com,9863005622,,Pune,Telangana,,,
684.0,tiVtOz,DNgAf,tivtoz@mail..com,9107456660,,Delhi,Gujarat,,,F
685.0,arEpYW,PPkzT,arepyw@mail..com,,,Bengaluru,Karnataka,600001,2017-09-05,F
686.0,SfemZz,oVDUb,sfemzz@mail..com,6114035442,,Bengaluru,West Bengal,700001,,
687.0,yMNIkJ,MgmEa,ymnikj@mail..com,8936317005,,Bengaluru,Maharashtra,600001,,M
688.0,lxuVWP,kNhwl,,7423700338,,Bengaluru,Maharashtra,,,M
689.0,HSQmzj,TfpuJ,hsqmzj@example.com,8941015964,2018-11-06,Hyderabad,Tamil Nadu,380001,,M
690.0,dKvbfZ,XGkBQ,,,,Chennai,Tamil Nadu,600001,,F
691.0,zlnzkg,Tnnog,zlnzkg@mail..com,5795504279,,Mumbai,Telangana,500081,,M
692.0,TNsSmR,MxRgn,,9645511382,,Delhi,Karnataka,,,
693.0,zCxMYl,vNxRe,zcxmyl@example.com,0993564053,,Mumbai,Maharashtra,560001,,F
694.0,UFLsya,dcJJR,,9513786046,2016-02-09,Mumbai,Telangana,,,F
695.0,MZTDkj,zphpn,,4180134624,,Ahmedabad,Karnataka,600001,,M
696.0,brPuPL,svCbr,,3041950724,,Ahmedabad,Tamil Nadu,560001,,
697.0,cATIzj,QqVOM,catizj@example.com,,2016-03-30,Bengaluru,Tamil Nadu,,,F
698.0,vZhlpS,gseuh,,9209960274,,Mumbai,Tamil Nadu,110001,,F
699.0,HseVye,QLbYg,,,,Kolkata,Telangana,560001,,
700.0,TZKMPU,CPVAv,,,,Chennai,Maharashtra,500081,2020-12-02,M
701.0,AlQCeD,zGDep,alqced@example.com,,2021-05-28,Pune,West Bengal,400001,,M
702.0,YonwxX,gDBqw,,9191767833,2024-11-07,Delhi,Tamil Nadu,600001,,F
704.0,PrCReS,wZucb,prcres@mail..com,5621089008,,Kolkata,Maharashtra,,2016-02-08,F
705.0,YjnSas,mvbqX,yjnsas@mail..com,2578410018,,Mumbai,Telangana,560001,,F
706.0,HAFNYh,hBAdn,,4739419340,2015-12-24,Bengaluru,Telangana,400001,2021-09-03,M
707.0,CJWGOY,aIUfb,,1040055407,2023-05-13,Delhi,Karnataka,380001,2015-09-10,M
708.0,gInBtz,NlQUV,,,,Delhi,Maharashtra,380001,,M
709.0,GrazMG,MzhmD,,9441977149,,Chennai,Gujarat,380001,,M
710.0,WOXSod,TTvCA,,2401020498,,Hyderabad,Karnataka,110001,2018-06-07,F
711.0,ppvMth,ePwnM,,3519622871,,Delhi,Tamil Nadu,,,F
712.0,aImlJP,SPLBo,,0427301008,,Delhi,Maharashtra,560001,,F
714.0,QmNzfQ,CcMUN,,,,Ahmedabad,Maharashtra,700001,,
715.0,gkwlBK,VDJRB,gkwlbk@example.com,,,Chennai,Delhi,560001,,M
716.0,wCAOyR,kENGt,,,,Delhi,Gujarat,110001,,F
717.0,DfUjoa,COyYb,,,2025-10-23,Mumbai,Tamil Nadu,380001,,F
718.0,FNCSnI,PJswJ,,8937813788,2024-03-26,Pune,Delhi,600001,,M
719.0,cWQBnO,lMfBl,,,,Bengaluru,Maharashtra,110001,,M
720.0,tdysPC,pLmIW,,3000179471,,Bengaluru,Karnataka,,2018-12-10,
721.0,NShOVV,fmtDA,,,,Mumbai,Delhi,600001,,M
722.0,wMZOvy,swbkQ,,9387497472,,Hyderabad,Telangana,600001,,F
723.0,pdpSKI,iinNJ,,8153042063,2017-04-27,Ahmedabad,Gujarat,110001,,F
724.0,LYuvhF,BLRFv,lyuvhf@example.com,,,Kolkata,Maharashtra,600001,,
725.0,BROyEM,rSwna,,,,Kolkata,Delhi,560001,,F
726.0,RBhjku,xkdjX,,,,Bengaluru,Gujarat,700001,,F
727.0,FYfiOi,tpRvC,fyfioi@example.com,,2024-08-09,Mumbai,Karnataka,380001,,M
728.0,ZUjuze,bdyUb,,9418030052,,Mumbai,Maharashtra,380001,,M
729.0,SwDOwm,CXbuW,,9137851672,2020-03-07,Ahmedabad,Gujarat,560001,,F
730.0,lHpOQd,LxHQx,,6324663408,,Chennai,Delhi,700001,,M
731.0,iCIVDR,cjetQ,,6259511921,2025-09-26,Delhi,Tamil Nadu,400001,,
732.0,PrYfUl,rLUlv,pryful@mail..com,8276728229,,Mumbai,Telangana,600001,,M
733.0,gYooiE,rFqTF,,9124143319,2019-04-22,Hyderabad,Telangana,110001,,M
734.0,GPEjxK,tLgwX,,,2025-01-23,Chennai,Delhi,560001,,M
735.0,aEITUq,difsl,,,,Hyderabad,Gujarat,600001,,F
736.0,VxhyYt,SheCK,,,,Ahmedabad,Delhi,,,
737.0,kkmiED,sGcrL,,,,Kolkata,Gujarat,700001,,
738.0,CYqwPh,aAugE,,,,Mumbai,Karnataka,400001,2024-01-10,M
739.0,NBsPWv,ZxCjN,,9097222557,,Pune,West Bengal,,,F
740.0,unRrRY,kdRHa,,0702326124,2015-12-22,Pune,West Bengal,600001,,
741.0,hzbuuW,RcYTu,,7303414441,,Delhi,Karnataka,380001,,
742.0,WGoewh,fsUoV,,,,Ahmedabad,Delhi,,,F
743.0,UNvKPF,YQTQy,,9549846121,2024-11-22,Hyderabad,Delhi,500081,,M
744.0,Ninwrk,DxNas,,3281506157,,Chennai,Tamil Nadu,700001,,
745.0,UzXjuo,EaPEl,uzxjuo@mail..com,9243867249,,Hyderabad,Tamil Nadu,380001,,M
746.0,CxHSTn,yJumC,cxhstn@example.com,,,Chennai,Delhi,400001,,M
747.0,OqcxRD,YsNwr,oqcxrd@example.com,7495204428,,Mumbai,Karnataka,380001,,
748.0,HOFOxH,lNJQc,,5261568790,,Kolkata,Gujarat,500081,,F
749.0,RKdHDN,CuLbu,,9741968495,,Mumbai,Telangana,400001,2019-11-09,F
750.0,OmeMVB,qnvpb,omemvb@mail..com,6690793960,,Pune,Delhi,400001,,
751.0,wanFiZ,VMoOQ,,9454593366,,Kolkata,Telangana,600001,,
752.0,STELhS,rkxcy,stelhs@mail..com,4240060688,2020-02-04,Pune,Karnataka,380001,,
753.0,TppBNb,xAIYX,,,,Bengaluru,Telangana,600001,,
754.0,FUSiyu,bgaGx,,,,Hyderabad,Maharashtra,380001,,
755.0,nZJTUe,MQWhi,,4009942195,,Delhi,West Bengal,,,M
756.0,mqRUqs,NnNKQ,,,2024-11-01,Bengaluru,West Bengal,,,
757.0,tWuhkg,tPFGB,,0338986179,,Mumbai,Delhi,400001,,F
758.0,uYXDvj,FEUFQ,uyxdvj@mail..com,7723549544,2021-11-07,Kolkata,Delhi,600001,,F
759.0,niBTnF,rFMYF,,4082096916,,Hyderabad,West Bengal,110001,,M
760.0,MDlgkQ,hHCgE,mdlgkq@mail..com,,,Pune,West Bengal,400001,,M
761.0,GKhAmR,WZwXf,,9495979909,,Mumbai,Tamil Nadu,,,F
762.0,GaGvWw,yNHMY,,9373273964,,Pune,Tamil Nadu,,,F
763.0,HdZsle,IYhrG,hdzsle@mail..com,7551417883,,Hyderabad,Tamil Nadu,500081,,M
764.0,xXvglZ,UJyqO,xxvglz@mail..com,9769689069,,Bengaluru,Delhi,110001,,M
765.0,FdPArC,MeUxo,fdparc@mail..com,,,Delhi,Tamil Nadu,380001,,F
766.0,aoEUPL,qCZZm,aoeupl@mail..com,1802377705,,Hyderabad,West Bengal,600001,,
767.0,ChqFrY,JKkkm,,2964209978,,Ahmedabad,Tamil Nadu,400001,,
768.0,KeRQGY,ekShu,kerqgy@example.com,9323013115,,Hyderabad,Gujarat,400001,,M
769.0,lVJyXs,yKPSJ,,0727857547,,Pune,Delhi,400001,,
770.0,NtamaM,BatQV,ntamam@example.com,9509023283,,Pune,Tamil Nadu,,,M
771.0,SEEZdM,hhFrJ,,,2024-03-30,Pune,Telangana,,,F
772.0,SyVXWI,oGXco,syvxwi@mail..com,2235105753,2018-12-06,Hyderabad,Gujarat,500081,,F
773.0,YiiPtg,cKtmQ,yiiptg@example.com,,2024-06-04,Hyderabad,Tamil Nadu,,2015-12-02,F
774.0,SivVak,dAbtk,sivvak@example.com,9466040434,,Mumbai,Maharashtra,560001,,
775.0,qxnKYM,fQKZy,qxnkym@example.com,,,Pune,Maharashtra,380001,,F
776.0,rUCkqF,IxCaJ,ruckqf@example.com,9968802881,2017-01-30,Chennai,Delhi,,,F
777.0,ShKKlJ,ZvnjD,,,2019-03-21,Hyderabad,Delhi,110001,,F
778.0,LTHcmj,nZdGl,,2194051674,,Bengaluru,Maharashtra,700001,,M
779.0,VxwJGk,gaRPZ,,1797114420,,Pune,Maharashtra,,,M
780.0,ksmPrq,PhoLb,,,,Kolkata,Delhi,,,M
781.0,DaWRac,jAZGP,,,2020-06-12,Bengaluru,Karnataka,,,
782.0,PnVAbM,QaoKI,,,,Hyderabad,Karnataka,110001,2025-09-12,F
783.0,ffLEWB,IVroW,,,2025-04-23,Mumbai,Gujarat,,,F
784.0,pQWiux,zSOBV,,4660692306,2023-03-15,Hyderabad,Maharashtra,380001,,
785.0,YFYYuN,wxoOu,yfyyun@mail..com,9884280551,,Pune,Tamil Nadu,380001,,M
786.0,MJvozW,qNszf,,,,Mumbai,Tamil Nadu,700001,,F
787.0,sqiUSn,EyphS,,5990788874,2025-09-30,Pune,Telangana,500081,,F
788.0,VAvjPr,FBbFT,vavjpr@example.com,2554065898,,Mumbai,Maharashtra,400001,,M
789.0,kuoaqc,NtJpA,kuoaqc@example.com,3695685651,,Mumbai,Maharashtra,500081,,F
790.0,YsBYhB,TyRhl,ysbyhb@mail..com,,,Ahmedabad,Delhi,,,M
791.0,IdUMZJ,kANgF,idumzj@mail..com,,,Bengaluru,Karnataka,110001,,F
792.0,YwMsCL,ivyWk,,6315666395,,Ahmedabad,Karnataka,500081,,F
793.0,QQDvCR,WmxhH,qqdvcr@example.com,,,Mumbai,Karnataka,,,M
794.0,KPYqoP,HcUoy,,3264435088,,Ahmedabad,Delhi,,,
795.0,dzdEtZ,GiQkn,dzdetz@mail..com,,2019-08-11,Chennai,Tamil Nadu,,,F
796.0,muffGI,SMCPf,muffgi@mail..com,5367518649,,Bengaluru,Telangana,400001,,F
797.0,EhCUlV,WwpUV,,,2023-10-12,Delhi,West Bengal,,,F
798.0,mfiPUl,rcRqJ,mfipul@example.com,,,Hyderabad,Maharashtra,700001,,M
799.0,YqqzcV,hlHqc,,9163950068,,Chennai,Karnataka,110001,2022-01-03,
800.0,nwpvyQ,NmOLw,,9021324683,,Kolkata,Karnataka,400001,,F
801.0,fuDMKh,rtKpi,,1087037557,,Delhi,Gujarat,380001,,
802.0,njgMDC,VzMWF,,9439806456,,Bengaluru,Gujarat,500081,,
803.0,yKdEQk,xbZEL,,4699701969,,Pune,Karnataka,560001,,F
804.0,txFtvw,hqumj,txftvw@example.com,7816265097,,Delhi,Delhi,700001,,M
805.0,yxdhpQ,pGkOs,,,,Bengaluru,Karnataka,,,F
806.0,lDOsVt,rEijJ,,,,Chennai,West Bengal,700001,,
807.0,LkWYOW,CzjVl,lkwyow@example.com,,,Kolkata,Maharashtra,110001,2016-01-09,M
808.0,fKEByQ,gJpEo,,,,Pune,Karnataka,600001,,
809.0,cfKymq,qWnwB,,9907040663,2018-05-18,Kolkata,Gujarat,600001,,F
810.0,SQImQd,jMabj,sqimqd@example.com,9436990381,,Bengaluru,Karnataka,600001,,F
811.0,bqnMDa,uUkMh,,2038511310,,Bengaluru,Karnataka,500081,,F
812.0,lfljjt,PiMnR,,,,Pune,Karnataka,500081,,F
813.0,kjcQXm,HyVQo,kjcqxm@mail..com,6368380699,,Kolkata,Tamil Nadu,500081,,F
814.0,tmHdVv,yZlvE,,2492743225,,Mumbai,Gujarat,,,
815.0,mpTKZz,preHS,,7522925546,,Bengaluru,Telangana,400001,,
816.0,HGNNOe,SJAfU,hgnnoe@mail..com,6024210677,,Hyderabad,Delhi,,,
817.0,Uuokgg,OEpOu,,,,Kolkata,Karnataka,110001,,F
818.0,hWSEUa,DAIZf,,,,Ahmedabad,Delhi,,,F
819.0,JCllff,iODfO,,6707129294,2020-05-28,Hyderabad,Tamil Nadu,500081,2015-06-07,M
820.0,LXSzld,CfaoI,lxszld@mail..com,9703819158,,Bengaluru,Telangana,600001,,
821.0,FmhXOn,Wpnid,,0049089093,,Ahmedabad,West Bengal,560001,,M
822.0,khKEqS,hVIaY,khkeqs@mail..com,8001582146,2023-08-31,Pune,Telangana,700001,,M
823.0,SjdCYb,pYItO,,2138029205,2019-11-10,Pune,Telangana,500081,,M
824.0,iqNzqd,szQWy,iqnzqd@mail..com,7259465959,,Bengaluru,West Bengal,700001,,M
825.0,WVksAU,jHeiv,,,,Hyderabad,Tamil Nadu,,,M
826.0,pZVflZ,HXSnO,pzvflz@mail..com,,,Chennai,West Bengal,380001,,
827.0,oYNzBa,jLgTI,,1111023119,,Chennai,Tamil Nadu,600001,,F
828.0,FgtOKW,bSOkY,,1659092693,,Ahmedabad,Tamil Nadu,400001,,M
829.0,bpGVLr,FTgNN,bpgvlr@example.com,,,Mumbai,Telangana,,,M
830.0,uNzVHY,lDOIf,unzvhy@mail..com,,2017-10-23,Pune,Tamil Nadu,700001,,
831.0,qrztDK,NjUav,,6631650003,2020-02-26,Delhi,Maharashtra,700001,,M
832.0,uhvWvD,UdsHA,,,,Mumbai,Gujarat,380001,,M
833.0,xRSjPQ,Jmhnl,xrsjpq@mail..com,9724113286,,Kolkata,Gujarat,600001,,F
834.0,Dtiixm,lhPJp,,8358522914,,Ahmedabad,Delhi,500081,,
835.0,hgpvCN,smjvF,,9398791210,,Chennai,Tamil Nadu,380001,,M
836.0,DHlGzz,aHjEr,dhlgzz@example.com,,2016-08-21,Kolkata,West Bengal,500081,,M
837.0,AtYqLE,UloOL,,7036477234,2018-03-25,Ahmedabad,West Bengal,560001,,M
838.0,kFVVIY,vwdjy,,9171073540,,Mumbai,Tamil Nadu,560001,,
839.0,CWbGyw,hkzCE,cwbgyw@example.com,3676324086,,Chennai,West Bengal,110001,2020-01-02,F
840.0,DBVhmK,nrIAt,dbvhmk@mail..com,1497162645,,Delhi,Karnataka,600001,,M
841.0,IbusKu,xPlUd,,,,Kolkata,Karnataka,110001,,
842.0,uWuyvB,EioPo,,9041041535,,Mumbai,Tamil Nadu,380001,,F
843.0,TKjXMK,ElJoh,,1473011849,,Hyderabad,Delhi,,,M
844.0,gBKcbl,gpCRX,,1686962094,,Chennai,Delhi,110001,,
845.0,wadhPh,RULAA,,3295274450,2023-11-10,Pune,West Bengal,560001,,F
846.0,arJFow,gDtvD,arjfow@example.com,9816705206,,Bengaluru,Maharashtra,500081,,F
847.0,rULUHC,XMENM,,,,Bengaluru,Gujarat,700001,,M
848.0,AlqqAk,aVAqo,alqqak@example.com,,,Hyderabad,Telangana,600001,,
849.0,fUBDKz,etWwP,,9058337561,,Chennai,Gujarat,600001,,M
850.0,jsCEvw,tsmmI,jscevw@mail..com,2360973065,,Pune,Telangana,110001,,M
851.0,hAkUyy,EQlqH,hakuyy@example.com,3832128419,,Mumbai,Gujarat,600001,,F
852.0,CLizyx,NgNpq,,9170400872,,Hyderabad,West Bengal,600001,,
853.0,IZeGWL,gEGfs,izegwl@mail..com,,,Pune,Delhi,500081,,
854.0,SkOaFt,QohJJ,,7691857260,,Hyderabad,Karnataka,380001,,M
855.0,zHfVrM,dKVvb,zhfvrm@example.com,4576895892,,Delhi,Tamil Nadu,400001,,
856.0,uDQtYK,ZuoRQ,udqtyk@example.com,0941641535,2017-12-16,Ahmedabad,Maharashtra,600001,,
857.0,TJhCIe,taebN,,8419206793,2019-09-20,Pune,Gujarat,110001,,M
858.0,VcbcQE,xfaWS,vcbcqe@mail..com,9169390597,,Delhi,Maharashtra,110001,,F
859.0,wmviVb,eZJwd,wmvivb@mail..com,,,Delhi,Gujarat,560001,,
860.0,ClOmSw,FGphD,clomsw@example.com,,,Bengaluru,Delhi,380001,,
861.0,zuUICX,mCVIb,,4451448556,,Bengaluru,Gujarat,700001,,
862.0,VFUBFy,mqBhr,,,2020-03-19,Pune,Telangana,,2019-07-04,M
863.0,CjCXBq,VWpOf,,,,Pune,Tamil Nadu,,,M
864.0,HRqwcH,aFnEH,hrqwch@mail..com,,,Kolkata,Tamil Nadu,110001,,F
865.0,EafTra,uGziN,eaftra@example.com,,,Mumbai,Karnataka,110001,,F
866.0,FQGaic,zkWQO,,,,Ahmedabad,Delhi,500081,2015-12-04,F
867.0,TJPNpX,tvOzc,,9733923034,,Kolkata,Telangana,110001,,
868.0,kpMlWs,wivzw,,,,Chennai,Telangana,500081,,
869.0,vPDIHp,LZJTb,vpdihp@example.com,,,Ahmedabad,Gujarat,600001,,F
870.0,oVNNDK,VzhYq,,9290153366,,Hyderabad,Tamil Nadu,400001,,M
871.0,kldVFO,JQNGR,,0791230913,,Hyderabad,Delhi,380001,,
872.0,rJBzBC,sreGw,rjbzbc@example.com,8653069337,,Chennai,Delhi,400001,,
873.0,RvkwuZ,eqyYL,,,,Mumbai,Tamil Nadu,,,
874.0,YIuaGd,eRmPm,yiuagd@mail..com,3079303651,2024-03-16,Pune,West Bengal,560001,,F
875.0,olOVBc,Sephh,olovbc@mail..com,4381171247,,Ahmedabad,Telangana,560001,,M
876.0,EMGkeS,pwFlP,emgkes@example.com,6546101599,2021-10-13,Pune,Maharashtra,560001,,F
877.0,SARhFM,zQifC,,8746447356,,Ahmedabad,Maharashtra,560001,,M
878.0,nqaZaO,PmzFU,,,2015-07-13,Chennai,Telangana,110001,,
879.0,JJpdKh,CfdmC,,,,Chennai,Maharashtra,560001,,M
880.0,tfqhfB,smbCk,tfqhfb@example.com,,,Pune,Gujarat,600001,,
881.0,WymtaM,pzzcb,,9277994423,,Kolkata,Karnataka,,,M
882.0,NTEenH,WvyGr,,9644246175,2019-08-28,Pune,Maharashtra,380001,,
883.0,uRWwlb,kfCSy,,9116972302,,Mumbai,Karnataka,110001,2015-04-01,
884.0,fPvfpG,jAfuB,,8448339354,2015-03-31,Pune,Gujarat,110001,,M
885.0,CzFHul,NDjXO,czfhul@mail..com,9619352023,2025-07-03,Bengaluru,Delhi,400001,,M
886.0,yAbBxE,ucRrx,yabbxe@mail..com,6842660181,,Hyderabad,Delhi,700001,2019-07-09,
887.0,MCBfWY,zGJXK,,0481498418,,Pune,Telangana,380001,,
888.0,AeRkSK,UcBXK,aerksk@example.com,6009376129,,Bengaluru,Karnataka,560001,2020-09-04,M
889.0,ENcJRm,FMtOA,,,2025-02-18,Bengaluru,Gujarat,500081,,
890.0,GhqXrw,RKjCT,,,,Mumbai,Tamil Nadu,400001,,F
891.0,QgCmFs,kOnmq,,9607436390,,Hyderabad,Gujarat,,,
892.0,oLDMFj,zOjHN,oldmfj@example.com,,,Bengaluru,Karnataka,,,F
893.0,bKgIKY,jgiiS,,9657780627,,Hyderabad,Tamil Nadu,,,M
894.0,npYToI,ioQNa,npytoi@mail..com,,,Bengaluru,Delhi,500081,2015-03-02,M
895.0,qsGGdk,qHpqe,qsggdk@mail..com,9583097013,,Mumbai,Telangana,400001,,F
896.0,yKwIZF,DmBen,ykwizf@example.com,7168773261,,Pune,Telangana,110001,,F
897.0,kpAFXn,fXBwF,kpafxn@example.com,4881253613,,Hyderabad,Gujarat,600001,,F
898.0,YSGWPZ,TVRTm,,8433084048,2020-11-12,Chennai,Telangana,700001,,
899.0,AxWZMF,tYwEF,,,,Bengaluru,Gujarat,600001,,
900.0,cSGVeY,BPXWx,,,,Pune,Maharashtra,600001,,M
901.0,CAXJtI,UJkKY,,8953892703,,Delhi,Maharashtra,600001,2016-09-07,F
902.0,PwyKEU,gXRrY,,3747783904,2023-06-24,Hyderabad,Gujarat,380001,,
903.0,uqsaRb,NwEFe,uqsarb@mail..com,0298187457,2015-07-19,Pune,Karnataka,600001,,
904.0,vnJkEu,tMmfd,,2444894214,,Ahmedabad,Delhi,400001,,F
905.0,uXxqcF,VFQnz,,2222535844,,Delhi,Delhi,380001,,M
906.0,bTbTvs,xkeqy,,0576087733,2020-09-04,Delhi,West Bengal,500081,,
907.0,ZPIvmX,SgvZG,zpivmx@example.com,9209707857,,Bengaluru,West Bengal,,,M
908.0,ZefUAM,WudLy,,9574407746,,Mumbai,Tamil Nadu,700001,,M
909.0,vYEaHd,KJajK,,,,Chennai,Gujarat,,,
910.0,Bjinsl,ubzxm,bjinsl@mail..com,8275148803,,Bengaluru,West Bengal,400001,,
911.0,zlseVJ,vqTzp,,9990603329,,Bengaluru,Telangana,,,
912.0,igCrTP,EpUPd,,9388914715,,Delhi,Gujarat,560001,,
913.0,ckBQTj,FQqiJ,,4898871034,,Bengaluru,Maharashtra,380001,,F
914.0,eTskcd,jQpxB,etskcd@example.com,9684637348,2019-11-06,Hyderabad,Maharashtra,560001,,
915.0,EhWSFr,peGMf,,9979360888,2023-02-24,Mumbai,Karnataka,560001,,F
916.0,QWheQs,iORDt,,9564777051,,Ahmedabad,Karnataka,,,M
917.0,KibXIV,rzgPC,kibxiv@example.com,6039839880,2025-06-05,Pune,Delhi,600001,,F
918.0,PRnvsp,xPKFr,prnvsp@mail..com,9205754920,,Kolkata,Maharashtra,380001,,F
919.0,AzAALt,ZYGmk,azaalt@example.com,,2022-04-04,Mumbai,Tamil Nadu,560001,,
920.0,tVzEIx,NGlar,,5932172071,,Kolkata,Delhi,400001,,
921.0,seMyHQ,lIuaC,semyhq@mail..com,4674736517,2025-07-14,Mumbai,Karnataka,,,M
922.0,BitcUA,LJRzv,,0928297584,,Delhi,Karnataka,560001,,M
923.0,UJKFiA,oKYeJ,,3894317164,,Delhi,Delhi,700001,,M
924.0,NOwUFw,mLVcX,,8017807561,,Mumbai,Maharashtra,,,M
925.0,OFyvcG,wKXPT,ofyvcg@example.com,,,Delhi,Karnataka,700001,,F
926.0,ZzWqoT,EUcUz,,,2022-02-05,Ahmedabad,West Bengal,700001,,F
927.0,WSpDfJ,QsxGJ,wspdfj@mail..com,,2018-08-07,Delhi,West Bengal,,2020-03-02,M
928.0,CeijnX,yApux,ceijnx@mail..com,9880755154,,Bengaluru,West Bengal,500081,,M
929.0,FikfVG,NNAHI,,,,Kolkata,West Bengal,500081,,
930.0,RlNBIf,PjhaE,rlnbif@mail..com,9496212549,,Bengaluru,Maharashtra,500081,,F
931.0,NFnIQI,ziXyA,,,,Kolkata,Maharashtra,,,F
932.0,mhttCR,EYrMp,,,,Bengaluru,Delhi,400001,,
933.0,MOHxpy,PZxLn,,4882257595,,Hyderabad,Gujarat,380001,,F
934.0,bFubxG,SNwbt,bfubxg@mail..com,,,Bengaluru,West Bengal,400001,,
935.0,QmCPEx,skwZt,,5001527923,2016-03-12,Chennai,Karnataka,600001,,M
936.0,iHYlvI,yODwQ,ihylvi@example.com,,,Ahmedabad,Karnataka,700001,,M
937.0,DhQAYr,ImLQX,dhqayr@example.com,8854501118,,Mumbai,Karnataka,380001,,
938.0,zHDYRQ,uNqYG,,,,Delhi,West Bengal,700001,,M
939.0,ffOBSV,lVjYJ,,9286154943,,Ahmedabad,Maharashtra,380001,,F
940.0,bdImmn,fjiku,,9583290596,,Bengaluru,Karnataka,,,
941.0,FavzRH,ehoBA,favzrh@mail..com,9613508632,,Hyderabad,Delhi,500081,,F
942.0,bLJlJu,PDYLN,bljlju@example.com,2361940573,,Delhi,Telangana,400001,,F
943.0,XyjXVd,ULOri,xyjxvd@example.com,1477553208,2025-05-29,Delhi,Maharashtra,,2017-03-08,F
944.0,JGevxU,eqVtl,,9010080920,,Ahmedabad,Tamil Nadu,110001,,M
945.0,zzSKjr,VUpgV,,9392876524,,Bengaluru,Delhi,380001,,
946.0,wdulqX,WPxHR,wdulqx@example.com,,2023-07-12,Chennai,Karnataka,500081,,
947.0,RLrNzY,rOpoB,rlrnzy@example.com,3848859388,,Chennai,Gujarat,700001,2024-03-03,F
948.0,vgfzZy,xpMvx,vgfzzy@mail..com,7135239675,,Pune,Maharashtra,380001,,F
949.0,LLjTHS,BWOyG,,,,Ahmedabad,Delhi,600001,,
950.0,DQhlyj,NxIeX,,,2019-07-25,Hyderabad,Karnataka,110001,,M
951.0,OlElob,KbSXD,,6066148313,,Delhi,Gujarat,600001,,M
952.0,nUCoyX,gENPO,,3995024731,,Ahmedabad,Delhi,,,
953.0,uJcLXi,dyUeY,,4425518571,,Delhi,West Bengal,560001,,M
954.0,DPjQyI,pwmNC,dpjqyi@mail..com,9400053610,2022-08-21,Chennai,Delhi,700001,2018-03-05,M
955.0,dozhSd,nvTqM,dozhsd@example.com,,2015-07-28,Pune,Telangana,700001,,F
956.0,aYAzUJ,BHwPS,,,2021-08-31,Delhi,Delhi,560001,2018-02-01,
957.0,KGxecf,FSzgG,,9508173279,,Hyderabad,Gujarat,110001,,
958.0,riVrYG,qgwkF,,9210739389,,Mumbai,Gujarat,,,
959.0,vureWm,pDYPy,,7674172618,,Ahmedabad,Karnataka,380001,,M
960.0,rvKpUT,RFDNl,rvkput@mail..com,9614896750,,Kolkata,Delhi,380001,2016-06-06,F
961.0,vKYRgn,bvFcN,,9961291483,,Hyderabad,Gujarat,700001,,M
962.0,GBgFlY,ZoPiD,,,,Kolkata,Telangana,600001,,F
963.0,wVMyOu,LhDDK,wvmyou@example.com,,,Pune,Gujarat,500081,,F
964.0,AmMqnW,oHgGF,ammqnw@example.com,,,Hyderabad,Karnataka,110001,,
965.0,DEoSMI,PJjyK,,,2017-03-22,Bengaluru,Karnataka,600001,,F
966.0,omUJcZ,fjpyn,omujcz@mail..com,3740209318,,Chennai,Tamil Nadu,700001,,M
967.0,BzPXnZ,hUQJX,,,,Delhi,Gujarat,600001,,
968.0,demYYr,LlJFn,demyyr@example.com,7434739837,2016-12-12,Hyderabad,Tamil Nadu,380001,,F
969.0,RdIBsX,qaOxW,,9206653654,,Delhi,West Bengal,380001,,
970.0,NbcVNv,clhRB,nbcvnv@mail..com,9522931951,,Kolkata,Gujarat,700001,,
971.0,csbEru,Ntjby,,,,Bengaluru,Gujarat,500081,,
972.0,kkvaAL,bBcux,kkvaal@mail..com,5936325482,,Chennai,Delhi,,,F
973.0,tTrzfw,cIPQk,,9006451715,,Pune,Gujarat,110001,,
974.0,yPaktJ,EivtC,,9816138300,,Chennai,West Bengal,600001,,
975.0,SuxByq,lkPoB,suxbyq@example.com,9002139949,,Ahmedabad,Telangana,380001,2018-10-07,F
976.0,NhGKsB,irxrv,nhgksb@example.com,1029034891,,Kolkata,West Bengal,600001,2024-06-04,M
977.0,VSiSTa,ucCfj,vsista@mail..com,4574653101,,Hyderabad,Karnataka,600001,,M
978.0,KhBRjd,mdtld,khbrjd@example.com,0166897625,,Bengaluru,Delhi,560001,,M
979.0,QPGMSt,FULvC,,,,Bengaluru,Gujarat,,,M
980.0,aZVKmq,TIqxA,,9520931655,,Delhi,Gujarat,700001,,M
981.0,qgNxIy,cLblZ,,,2021-10-11,Delhi,West Bengal,110001,,M
982.0,jGYdRa,NxmdH,jgydra@example.com,,,Kolkata,Gujarat,560001,2016-09-11,F
983.0,uupdwX,FTtHE,uupdwx@mail..com,2200641994,,Bengaluru,Gujarat,110001,,M
984.0,DqkkZb,fUxDN,dqkkzb@example.com,9209229835,,Delhi,West Bengal,,,
985.0,WtiDfO,kmmaW,wtidfo@example.com,,2018-11-26,Pune,West Bengal,,,F
986.0,fxXTNK,ALhVP,fxxtnk@mail..com,,,Pune,West Bengal,560001,,F
987.0,okgNVu,wsDfT,,,2021-10-24,Bengaluru,Tamil Nadu,380001,2016-12-07,M
988.0,uQCjTN,uQBEa,,,2022-06-02,Ahmedabad,Tamil Nadu,,,
989.0,EhqFSc,Wucce,ehqfsc@example.com,9030051227,,Mumbai,Gujarat,110001,,
990.0,MAIkSI,DcJXV,maiksi@mail..com,,2020-05-12,Delhi,Karnataka,560001,2015-09-09,
991.0,ngJXyG,vUsqv,ngjxyg@mail..com,1095802073,,Ahmedabad,West Bengal,110001,,F
992.0,jngGFw,VFdSw,jnggfw@example.com,1767769181,,Ahmedabad,Karnataka,380001,,F
993.0,EFGqSW,VvnpB,,,,Bengaluru,Tamil Nadu,560001,,F
994.0,cnFBqz,rKEIK,,7590956079,2025-09-11,Ahmedabad,Delhi,400001,,F
995.0,LljAdP,qIEXy,,,2025-11-17,Kolkata,Gujarat,700001,,M
996.0,DHhLoe,JZYxl,dhhloe@mail..com,,,Pune,Delhi,380001,,F
997.0,sCLikP,sXbXK,sclikp@mail..com,6955298704,2023-01-12,Bengaluru,Delhi,110001,,M
998.0,Npsjya,RChyR,npsjya@example.com,,2022-08-24,Ahmedabad,Delhi,110001,,M
999.0,dGLseK,seAGJ,,1820204131,2022-05-03,Chennai,Karnataka,500081,,
1000.0,oZrkfw,SDSfv,,1876846020,,Hyderabad,Tamil Nadu,380001,,F
1001.0,nybCpM,fLevh,,5521086945,,Bengaluru,Gujarat,110001,,F
1002.0,KtKKgP,cACZH,,3206744976,,Chennai,Tamil Nadu,560001,2025-04-04,F
1003.0,QqJRyK,jcexB,qqjryk@example.com,0939857515,,Mumbai,Karnataka,700001,,
1004.0,NIsTcM,vqzFS,nistcm@example.com,7972774942,,Bengaluru,Tamil Nadu,,,
1005.0,DVcNTI,jOkKE,,9052471555,2021-12-03,Chennai,Delhi,500081,,
1006.0,gmRFHE,EyGWK,gmrfhe@example.com,2678681369,,Bengaluru,Gujarat,500081,,
1007.0,yKcVDH,zoEFO,,,,Chennai,Telangana,400001,,F
1008.0,uOrIpx,DJbPn,,6595968746,,Kolkata,Maharashtra,,,
1009.0,zvZCtB,lpcRK,zvzctb@example.com,,,Ahmedabad,Delhi,560001,,M
1010.0,IHaAlE,kLqaV,,5393772799,,Kolkata,Delhi,110001,2018-08-07,M
1011.0,oxnJjY,zdwFU,oxnjjy@mail..com,7334991012,,Hyderabad,Gujarat,700001,,F
1012.0,PfiCmI,HyMOR,,9449119666,,Hyderabad,Telangana,700001,,M
1013.0,tqWEcY,razNF,,2149562805,2022-10-14,Pune,West Bengal,400001,,
1014.0,aXjdxX,uxFwW,,9903102826,,Ahmedabad,Tamil Nadu,380001,,
1015.0,HJNQEH,MiVOF,hjnqeh@example.com,9824190058,2020-09-23,Ahmedabad,Maharashtra,400001,,M
1016.0,oDzCUP,WdkiI,odzcup@example.com,9919592735,,Ahmedabad,Gujarat,380001,,
1017.0,wRniGV,jxxyn,,9248623470,,Mumbai,Telangana,,,F
1018.0,CiBPhP,uLKNn,,9014690375,2015-02-13,Bengaluru,West Bengal,380001,,F
1019.0,YEtdyB,TNZgJ,,,,Hyderabad,Telangana,,,F
1020.0,aALuTf,yHLcR,aalutf@example.com,,,Mumbai,Maharashtra,380001,,M
1021.0,YeWDaJ,fCsLa,yewdaj@example.com,3246926109,,Kolkata,Gujarat,,,
1022.0,KIWHTv,MxqRi,,,,Mumbai,Tamil Nadu,380001,,M
1023.0,OkpWOS,UjxOF,,,,Pune,Gujarat,,,
1024.0,JtVRqz,PpIPB,jtvrqz@mail..com,,,Hyderabad,Telangana,600001,,F
1025.0,XPAiMJ,nbGDk,,,,Bengaluru,Tamil Nadu,,,
1026.0,nJUFIL,QdsDg,,9846668078,,Hyderabad,Telangana,,,M
1027.0,rrCiDT,VCfFY,,,,Hyderabad,Delhi,600001,,
1028.0,mxfLVJ,Tewxz,mxflvj@mail..com,9831814949,,Ahmedabad,Maharashtra,500081,,
1029.0,nxpdog,ZLEJl,nxpdog@example.com,,2022-10-31,Hyderabad,Karnataka,,,M
1030.0,hoYopF,OsgUZ,,8119809463,,Kolkata,Tamil Nadu,380001,,
1031.0,gHpmlw,QVLVd,,2484871626,2020-07-06,Ahmedabad,Gujarat,600001,,F
1032.0,eKpGAA,sqReW,,6119955409,,Pune,West Bengal,,,F
1033.0,BUZRZx,imIRi,buzrzx@mail..com,5907821089,,Hyderabad,Delhi,,,F
1034.0,wCIryB,ZLhAV,,2299015826,,Ahmedabad,Delhi,400001,,F
1035.0,zLbnlB,ydgyM,,5889077071,,Hyderabad,Telangana,110001,,F
1036.0,HpfyDS,PvOoT,,5893629592,,Ahmedabad,Karnataka,400001,,
1037.0,SYiCrB,waSUm,syicrb@mail..com,,,Chennai,Tamil Nadu,,2021-01-09,F
1038.0,dgLlXD,gLAeN,,2350859069,2019-02-08,Delhi,Gujarat,110001,,F
1039.0,bHxiNd,tFItK,bhxind@mail..com,,,Kolkata,West Bengal,110001,,F
1040.0,DGxpsU,UDGWJ,,,2022-03-27,Bengaluru,Maharashtra,560001,,
1041.0,GjpVzK,dkPIy,,8407530838,,Mumbai,Maharashtra,500081,,
1042.0,kOmHPb,jLQUs,,,,Hyderabad,Gujarat,110001,,M
1043.0,paCEXO,pYYnA,,,2015-10-09,Delhi,West Bengal,380001,,F
1044.0,wvjmQg,bieKk,wvjmqg@example.com,0285156567,,Pune,Maharashtra,400001,,
1045.0,fDEAdl,YLKeX,,,,Ahmedabad,Maharashtra,560001,,M
1046.0,aIJUef,NpqTf,,0829230425,,Kolkata,West Bengal,,2020-02-02,
1047.0,hKHhdt,gbkzH,hkhhdt@example.com,9687738799,2025-09-13,Pune,Karnataka,600001,,F
1048.0,brFuFR,JmLZm,,9016500492,,Delhi,Karnataka,500081,,F
1049.0,rBzoKK,GHmrM,rbzokk@mail..com,,2017-02-02,Kolkata,Gujarat,400001,2022-10-09,
1050.0,XMsZfG,Dvblq,,4595435612,,Hyderabad,Delhi,500081,2019-04-12,
1051.0,qvPAMX,uzecl,,,,Chennai,Tamil Nadu,500081,,M
1052.0,wCKKKU,CgpVS,,9063773729,,Mumbai,Telangana,110001,2019-05-04,F
1053.0,zenbpP,JorDJ,,9098096141,,Ahmedabad,West Bengal,400001,,
1054.0,SYxTkP,tOcER,,9952760690,,Delhi,West Bengal,500081,,F
1055.0,oBnoTX,bJizD,obnotx@mail..com,,,Pune,Maharashtra,400001,,
1056.0,NyKYRg,AYfYM,nykyrg@example.com,,,Hyderabad,West Bengal,500081,,
1057.0,jqgvll,oMFLJ,jqgvll@example.com,9005917264,,Delhi,Maharashtra,500081,2021-10-04,M
1058.0,KSjKHU,LOOUU,,4687865560,,Kolkata,West Bengal,,,M
1059.0,RrDTLd,ZybUP,,9994514092,,Bengaluru,Gujarat,,,
1060.0,xPiNTz,QIVSN,,4742694045,2016-05-10,Kolkata,Maharashtra,560001,,
1061.0,LCbYNv,EFIvb,lcbynv@mail..com,,2019-01-16,Delhi,West Bengal,700001,,F
1062.0,pNIgfL,jZyRM,pnigfl@example.com,,2015-07-11,Ahmedabad,Tamil Nadu,,,
1063.0,KwPEiz,NbYUm,kwpeiz@mail..com,,,Mumbai,Maharashtra,600001,,M
1064.0,Jnrqgy,oOAAx,jnrqgy@mail..com,,,Mumbai,Tamil Nadu,400001,,F
1065.0,FYdgMI,rXtxm,fydgmi@mail..com,9947277205,2016-08-23,Hyderabad,West Bengal,,,F
1066.0,rDzGEb,sRkLN,rdzgeb@mail..com,1429153477,,Mumbai,Gujarat,110001,,F
1067.0,rEfmly,KUaKq,,,2017-08-13,Bengaluru,Telangana,,2017-12-05,M
1068.0,uNeszC,olfBK,,9446586337,,Mumbai,Delhi,,,F
1069.0,GipqLG,HZFBs,,,2015-06-05,Ahmedabad,Telangana,,,
1070.0,kKbiEt,JYPOJ,kkbiet@example.com,3349646062,,Pune,Gujarat,500081,,F
1071.0,hELeLm,qSthq,helelm@mail..com,,,Hyderabad,West Bengal,380001,,
1072.0,rFaCsO,sOHky,rfacso@mail..com,,,Chennai,Gujarat,560001,,
1073.0,PykIlM,MIxLQ,,2522943750,,Pune,West Bengal,600001,,F
1074.0,YMvpNO,DJIAF,,9440865492,,Bengaluru,Maharashtra,,,
1075.0,owDpVP,YCNTM,,5563395473,,Bengaluru,Gujarat,,,F
1076.0,oQsFuq,ciqhc,oqsfuq@mail..com,8336622722,,Mumbai,Karnataka,560001,2022-10-09,F
1077.0,bmxaCk,vpwVE,bmxack@example.com,4224917001,,Chennai,Karnataka,380001,2022-02-11,M
1078.0,CvAWdD,cRgBl,,,2024-02-20,Kolkata,Tamil Nadu,600001,,F
1079.0,kAfTbj,syYet,kaftbj@example.com,,,Hyderabad,Gujarat,560001,,
1080.0,OtTrDI,ERDBe,,,,Chennai,West Bengal,500081,,
1081.0,SKNXSV,SZaVK,sknxsv@mail..com,,2015-12-09,Delhi,Karnataka,560001,,M
1082.0,DihDWO,IXQyJ,,,,Pune,Delhi,500081,,F
1083.0,udVXjv,gbldu,,9440150658,2022-06-25,Delhi,Telangana,110001,,F
1084.0,qEMNEV,OlPQr,,6568105317,,Hyderabad,Maharashtra,400001,,F
1085.0,NRPagO,WUNnM,,9876410782,,Hyderabad,Maharashtra,600001,,M
1086.0,EQMRVb,KxrwC,eqmrvb@mail..com,9364190160,,Ahmedabad,West Bengal,,,F
1087.0,qjNBxN,TPkeW,,,,Bengaluru,Maharashtra,380001,,
1088.0,VhOJgP,eNuNC,,9735298567,,Chennai,Maharashtra,380001,,
1089.0,zJcdsW,kLhhj,,,,Pune,Delhi,400001,,M
1090.0,rhGVUr,jgoVa,rhgvur@mail..com,2621716895,,Delhi,Gujarat,500081,,M
1091.0,SPBPAn,SJHTz,spbpan@mail..com,6370191049,,Bengaluru,Tamil Nadu,380001,2016-08-09,F
1092.0,YryONw,rAxoX,,4735517463,2018-04-25,Mumbai,Karnataka,700001,,F
1093.0,YJNCrZ,tCBAy,yjncrz@example.com,,,Hyderabad,West Bengal,,,
1094.0,IcykJQ,usjtN,,,,Chennai,Maharashtra,560001,,F
1095.0,aQauoo,OFWsx,,2564863222,,Mumbai,Gujarat,,,M
1096.0,NMPppF,MCsCv,nmpppf@example.com,5095079815,,Hyderabad,Delhi,110001,,F
1097.0,UEcVli,TqCWw,,,,Hyderabad,West Bengal,,,
1098.0,yxLzaa,vZNua,,,2025-10-16,Mumbai,Telangana,400001,,
1099.0,HgEWSA,ByPNg,,5102769417,,Pune,Delhi,600001,,
1100.0,smjnVk,QoTDf,smjnvk@mail..com,,,Pune,Delhi,,,F
1101.0,NaDLlt,Bevrs,,8752025117,2019-08-07,Pune,Delhi,400001,,F
1102.0,wzzDsD,RqzZd,,7905524412,,Ahmedabad,Tamil Nadu,700001,,M
1103.0,eeFrBa,MvnGN,,6085383888,,Hyderabad,Gujarat,560001,,F
1104.0,BVtFDy,xYEuc,,4421375412,,Bengaluru,Gujarat,700001,,
1105.0,kNzagr,eYJkQ,,9855455657,,Ahmedabad,Maharashtra,,,
1106.0,plKkSo,cthuz,,,,Pune,Gujarat,500081,,
1107.0,esGMox,qbHnO,,,2020-07-21,Chennai,Maharashtra,,,M
1108.0,THnTmP,CWOza,,2734171439,,Hyderabad,Tamil Nadu,,,F
1109.0,cPosLu,ZnbfP,,,2019-01-18,Ahmedabad,Delhi,110001,2017-07-04,F
1110.0,yHnZPU,MmSXU,,6231095808,2015-03-28,Ahmedabad,Delhi,,,M
1111.0,uYnTyG,kmRwn,,,,Chennai,Maharashtra,400001,,F
1112.0,NbuBrN,eRKJg,,1830211436,,Bengaluru,Karnataka,110001,,
1113.0,xrKOaE,GNRsU,,,,Ahmedabad,Maharashtra,,,M
1114.0,lANywT,Japng,,0014857782,,Pune,Telangana,700001,,M
1115.0,ZUCIUZ,bZYbG,,,,Mumbai,Telangana,600001,,F
1116.0,kVbgXI,kbFUV,,,,Chennai,Tamil Nadu,,,M
1117.0,oPdjyW,hYFlD,,9010910989,,Hyderabad,Tamil Nadu,600001,,M
1118.0,VsBKlA,QFUEB,,,,Mumbai,Gujarat,110001,,F
1119.0,WSETfr,syvBB,wsetfr@example.com,,,Hyderabad,Telangana,,,
1120.0,PaKpCE,LqbDI,,,,Chennai,Maharashtra,600001,,
1121.0,WssKOk,AedNg,,,,Hyderabad,Gujarat,,,F
1122.0,oDjoKg,hoEQz,,0478852857,,Bengaluru,Karnataka,110001,2022-08-08,F
1123.0,IzislU,OwnMb,,9799463102,,Delhi,Delhi,600001,,M
1124.0,XrmpsY,swjgZ,,3966845573,,Bengaluru,Delhi,600001,,M
1125.0,ytryqi,EElCU,ytryqi@mail..com,8645989560,,Kolkata,Gujarat,,,M
1126.0,fRjiob,JMKWw,,0968565990,2020-12-20,Hyderabad,Delhi,,,F
1127.0,wmTTPM,pKjjN,,,,Delhi,Gujarat,400001,,
1128.0,QvxOre,yQpFi,,4092827630,,Pune,West Bengal,400001,,M
1129.0,WGPEaC,tNEuI,wgpeac@mail..com,9919117166,2025-12-06,Hyderabad,Delhi,400001,,F
1130.0,ylKOcu,kvVKZ,,,2020-08-15,Chennai,Gujarat,700001,,
1131.0,PUJxuQ,ZQxuJ,pujxuq@example.com,,,Hyderabad,Telangana,500081,,F
1132.0,ibvnwk,ncpeJ,,,,Bengaluru,Karnataka,600001,,M
1133.0,GeYsXb,tflTC,geysxb@example.com,0211158447,2017-04-18,Ahmedabad,West Bengal,600001,,F
1134.0,kCacZP,eQcsg,kcaczp@example.com,2487957353,,Chennai,Maharashtra,380001,,M
1135.0,lUAkqT,yULgc,luakqt@example.com,9518145282,,Hyderabad,Karnataka,400001,,F
1136.0,egoPjw,Sjkev,,,,Ahmedabad,Tamil Nadu,110001,,
1137.0,cxqaUs,RJwzw,cxqaus@example.com,,,Ahmedabad,Telangana,110001,,F
1138.0,sPDlKm,tBMKY,,,2016-03-19,Chennai,Karnataka,380001,,F
1139.0,MOGJMD,bdOVq,,5706133292,,Kolkata,Gujarat,700001,2022-06-11,F
1140.0,yTaQUg,nxxHh,,9874117818,2024-05-11,Delhi,West Bengal,,,
1141.0,RCtftx,FzMYO,,9700338037,2017-02-13,Bengaluru,Karnataka,380001,,M
1142.0,ALnpuK,pZshM,alnpuk@mail..com,9304933538,,Pune,West Bengal,400001,,
1143.0,IibgWG,MXgwS,iibgwg@example.com,9069285025,,Ahmedabad,Gujarat,110001,,
1144.0,vibWPI,yzzco,vibwpi@mail..com,,,Mumbai,Tamil Nadu,560001,,F
1145.0,HOFuwY,HYsKD,hofuwy@example.com,8138893298,,Hyderabad,Gujarat,400001,,M
1146.0,zfynQB,jCCMz,,,,Hyderabad,Karnataka,700001,,M
1147.0,jhbekK,wEhQf,jhbekk@example.com,4513620742,,Mumbai,West Bengal,,,F
1148.0,rrwihJ,XnAfD,,8523451150,,Pune,Tamil Nadu,110001,,
1149.0,LRtNHq,KzzRe,,0133335603,,Mumbai,Delhi,400001,,
1150.0,bOtKtH,jFkDv,,,,Kolkata,Delhi,500081,,M
1151.0,PdLahz,yGsRh,pdlahz@example.com,9875866962,2016-09-29,Kolkata,Maharashtra,110001,2020-05-12,
1152.0,UeeLbj,uHTRo,,,,Kolkata,Maharashtra,380001,,F
1153.0,XRrnuK,IDaRe,,6239989826,,Pune,Gujarat,110001,,M
1154.0,wZsurd,MMaip,wzsurd@example.com,,,Bengaluru,Tamil Nadu,700001,,
1155.0,RBXrgl,uMaAY,rbxrgl@mail..com,9347316034,,Kolkata,Gujarat,500081,,F
1156.0,eEgJHi,FApoN,,9635118419,2024-04-17,Chennai,Maharashtra,600001,,
1157.0,UHKwYA,uGCJh,,1646999326,,Delhi,West Bengal,560001,,M
1158.0,fdqhfu,NUmjn,fdqhfu@example.com,1772138691,,Delhi,Gujarat,500081,,
1159.0,wPQybO,MHGIE,wpqybo@mail..com,,,Pune,Maharashtra,600001,,F
1160.0,SdxrPR,mlbPS,sdxrpr@example.com,7492493138,2019-11-25,Mumbai,Gujarat,380001,,
1161.0,CKlIPi,DVHYG,,6549926294,2022-04-18,Bengaluru,Telangana,700001,,M
1162.0,QLJEJH,qycay,qljejh@example.com,,,Chennai,Telangana,500081,2021-08-05,
1163.0,EFVkst,XgdCa,,3685721953,2017-03-14,Chennai,Telangana,560001,2018-08-12,M
1164.0,EkJfMW,FzrIY,,4369300289,2016-07-30,Hyderabad,Gujarat,,,M
1165.0,ZkXJlQ,AwUTQ,zkxjlq@mail..com,3867831801,,Pune,Gujarat,,,M
1166.0,eFXmZU,AimQM,,8602908245,,Chennai,Karnataka,560001,,M
1167.0,dnCxhn,wCBHG,,9264906926,,Hyderabad,Karnataka,500081,,M
1168.0,csTPpu,Gfgrr,,3049166537,,Mumbai,Delhi,380001,,
1169.0,BNUDEz,SxwMV,bnudez@example.com,5407609246,,Hyderabad,Karnataka,600001,,M
1170.0,EqMvAR,PRlfC,eqmvar@example.com,,,Hyderabad,Tamil Nadu,110001,,M
1171.0,TPAGVf,Hmuhs,,,,Chennai,Karnataka,,,F
1172.0,aYMYds,IjJsJ,,,,Ahmedabad,Telangana,,,
1173.0,LLYPNb,OJaoN,llypnb@mail..com,,,Kolkata,Telangana,600001,2025-03-01,M
1174.0,XbKqwz,noXgp,,9654089540,2017-09-19,Kolkata,Tamil Nadu,500081,,F
1175.0,Obmqtw,ZTInQ,obmqtw@example.com,6072984579,2021-06-06,Hyderabad,Telangana,400001,,M
1176.0,oBfWje,YmmQV,,,,Chennai,Maharashtra,110001,,M
1177.0,kRstJp,POrtq,,1826189600,2016-02-24,Pune,Karnataka,600001,,M
1178.0,TjYqiS,wZmNQ,tjyqis@mail..com,,,Hyderabad,Karnataka,380001,,
1179.0,oRqwOT,iBLGd,orqwot@example.com,,2023-12-17,Mumbai,Telangana,700001,,M
1180.0,AKXMGT,ArWzc,,0688837893,,Ahmedabad,Maharashtra,500081,,
1181.0,uPmpoc,uBAhp,,9633242893,,Pune,Tamil Nadu,400001,,M
1182.0,bisQsk,ewDZS,,8744193977,2018-04-30,Bengaluru,Gujarat,600001,,M
1183.0,dQMYOp,FWnni,dqmyop@mail..com,3620852429,,Kolkata,West Bengal,,,F
1184.0,xkfKoL,hLBgh,,9152894148,,Hyderabad,Maharashtra,380001,2018-09-10,M
1186.0,kkKlNQ,xMgwY,kkklnq@mail..com,,2023-08-19,Bengaluru,Maharashtra,560001,,F
1187.0,tzNdkG,ZBXDO,,8094101550,2020-01-31,Chennai,Telangana,700001,,
1188.0,kmxRlZ,ZUoeq,,9876493680,,Chennai,Tamil Nadu,,,M
1189.0,DGeiNB,YsmZK,dgeinb@mail..com,,,Mumbai,Tamil Nadu,700001,,M
1190.0,fsPbia,BcwaF,fspbia@example.com,,,Mumbai,West Bengal,500081,,M
1191.0,cACzsK,rCXar,caczsk@example.com,,,Hyderabad,Karnataka,,,M
1192.0,fVoJcP,HoIVJ,,,,Ahmedabad,Maharashtra,110001,2025-02-06,
1193.0,TSVfOV,UxYwU,tsvfov@mail..com,,,Kolkata,Telangana,560001,,M
1194.0,uQwHYp,xmEBU,,,,Bengaluru,Maharashtra,110001,,F
1195.0,MsIBhU,Zwawp,,2388371465,,Delhi,West Bengal,400001,,M
1196.0,OgsUZZ,mbOxA,ogsuzz@mail..com,,,Pune,Telangana,,,M
1197.0,VQlHcX,UnQYQ,,,,Ahmedabad,Tamil Nadu,,,F
1198.0,czWfom,bcoEL,,,,Delhi,West Bengal,,,M
1199.0,VUKPRM,tAwBp,vukprm@mail..com,,,Hyderabad,Telangana,700001,,
1200.0,dfMAyv,JiGhL,dfmayv@mail..com,8589150482,2025-11-16,Chennai,Maharashtra,,,F
1201.0,xPdRIf,HtaqC,,0067364764,,Kolkata,West Bengal,380001,,M
1202.0,yuDgAM,HEqTW,yudgam@example.com,,,Hyderabad,Telangana,,,
1204.0,mkCjDU,beVPA,mkcjdu@example.com,,,Kolkata,Delhi,700001,,
1205.0,phurov,nxXkd,,8157023346,2025-11-30,Delhi,Telangana,700001,,
1206.0,nyBhXu,gFEfQ,,2466495389,2018-03-09,Pune,Maharashtra,560001,,F
1208.0,PipZoJ,ervGm,,,,Hyderabad,Tamil Nadu,,2018-09-07,
1209.0,NRdoih,pNszt,nrdoih@mail..com,7210595702,,Delhi,Telangana,600001,,M
1210.0,IjJKmW,zGlwr,,,,Mumbai,Delhi,110001,,M
1211.0,CfyfVv,UmlOM,,2401006228,2022-02-20,Chennai,Delhi,,,
1212.0,joxjKR,gSSlV,joxjkr@mail..com,9145573602,,Bengaluru,West Bengal,400001,,
1213.0,uHIFcL,jnlnn,,8401697641,,Pune,Karnataka,700001,,
1214.0,cGUVVq,cVjNl,cguvvq@example.com,9586293749,,Kolkata,Maharashtra,,,F
1215.0,iIYImo,ljotH,,2802421329,,Kolkata,West Bengal,,,M
1216.0,KDVvPa,HNWKx,,1875605183,,Kolkata,Telangana,700001,,F
1217.0,Hlucdh,ljSce,,1516261866,,Chennai,West Bengal,500081,,F
1218.0,CbPJIQ,cCClZ,,,,Chennai,Delhi,,,M
1219.0,uYtqDw,aYGkv,,,,Mumbai,Gujarat,400001,,
1220.0,NhPOrM,mXLTV,nhporm@mail..com,4064162689,,Bengaluru,Tamil Nadu,500081,,M
1221.0,CYTuAC,MKXXG,,,,Bengaluru,Delhi,700001,,F
1222.0,IoSYlI,CCgEj,,,,Mumbai,Gujarat,110001,,
1223.0,YmYCaO,iPdlA,,0620101837,,Hyderabad,Telangana,,,F
1224.0,zjgEwj,jsaSm,,,,Pune,West Bengal,600001,,
1225.0,fEZMXt,XlNWS,fezmxt@mail..com,2289430244,,Ahmedabad,Tamil Nadu,,,F
1226.0,zBjbnc,ZLaTW,,,,Chennai,Telangana,110001,,
1227.0,dmJNjx,hTTef,,,,Hyderabad,West Bengal,110001,,F
1228.0,JfNuAf,VPMvh,jfnuaf@mail..com,9101321471,,Bengaluru,Gujarat,700001,,M
1229.0,XaPeBO,rxPan,,5440754600,2022-05-07,Chennai,Delhi,500081,,M
1230.0,rAqLaz,iHZmL,raqlaz@mail..com,5169130182,2019-10-16,Pune,Tamil Nadu,600001,,F
1231.0,pudJHR,yeecu,pudjhr@mail..com,,2025-09-04,Bengaluru,Gujarat,500081,,F
1232.0,MFqpJW,IgdgZ,,,,Mumbai,Delhi,600001,,M
1233.0,DPxpdU,yPghk,dpxpdu@example.com,,,Mumbai,Karnataka,400001,,
1234.0,EJBBCO,AjxiF,,6346072865,,Delhi,Gujarat,,,M
1235.0,BnJmCq,PsKFC,bnjmcq@mail..com,,,Pune,Karnataka,,,F
1236.0,RSUWGc,wmOgJ,,9362639447,,Mumbai,Karnataka,700001,,M
1237.0,osPgVH,ophey,,2936186528,,Pune,Tamil Nadu,700001,,
1238.0,fYvNHj,ujFAw,,,2023-03-03,Kolkata,Telangana,,,M
1239.0,NDgmay,nZHPl,,,2024-11-27,Delhi,Delhi,,2016-03-12,M
1240.0,MZbAhv,XMBJY,,,,Pune,West Bengal,380001,,F
1241.0,QEvMVF,hSdVF,qevmvf@example.com,,,Pune,Gujarat,500081,,M
1242.0,EfUqhZ,cVNjZ,,9649896115,,Hyderabad,Telangana,,,M
1243.0,byutFH,Anbdd,byutfh@example.com,,2020-06-23,Delhi,Telangana,380001,2015-05-10,
1244.0,tAWqFT,YIKlN,,5503448682,,Chennai,West Bengal,560001,,
1245.0,loIfao,DYrQM,,3546378436,,Chennai,Maharashtra,560001,,M
1246.0,cAgihq,VBTgo,cagihq@mail..com,,2019-03-10,Kolkata,Maharashtra,110001,,
1247.0,XrQLvJ,OxlTn,,3199784780,,Kolkata,Gujarat,400001,,
1248.0,NVGDNZ,iOunT,nvgdnz@mail..com,0025240205,2015-12-03,Hyderabad,Telangana,700001,2020-08-04,F
1249.0,RCdZJF,KrFvq,,0030728054,2020-07-24,Ahmedabad,Karnataka,380001,2025-11-02,
1250.0,UjlAoL,zPPcm,,9532534846,,Delhi,Delhi,,,
1251.0,iVbmvL,vWOxS,,,,Kolkata,Maharashtra,600001,2017-02-05,
1252.0,frSnsM,UhGDt,,9571619037,,Kolkata,Gujarat,600001,,F
1253.0,tahPaw,qZMpQ,,,,Pune,Telangana,110001,,
1254.0,hKREmj,wryii,hkremj@example.com,2795241312,,Hyderabad,Maharashtra,560001,,
1255.0,EMKoRu,ZwNhQ,emkoru@example.com,9291898735,,Ahmedabad,Gujarat,560001,,F
1256.0,FscUpx,WJlzN,,9796066490,,Delhi,Gujarat,380001,,M
1257.0,vlpMEg,eUsqj,,,,Ahmedabad,Telangana,700001,,M
1258.0,JvTBAs,fqRJe,,,,Chennai,Delhi,110001,2019-09-05,F
1259.0,HrTqKg,lEvjg,,9536019645,,Pune,Telangana,500081,,
1260.0,NAFvkD,diGnk,nafvkd@mail..com,1350229125,,Bengaluru,Karnataka,560001,,
1261.0,QSmZHR,rQaOj,qsmzhr@example.com,,,Pune,West Bengal,700001,,M
1262.0,uMiFqd,TRKlM,,0735736373,2022-08-31,Kolkata,Tamil Nadu,560001,,M
1263.0,YRCJwQ,EAZYI,yrcjwq@mail..com,,2022-05-10,Bengaluru,Gujarat,600001,,
1264.0,uulHWp,dmvSE,,,,Chennai,Delhi,700001,,
1265.0,JIfkKM,JXrxf,,9887044071,,Kolkata,Gujarat,500081,,
1266.0,sPFAAU,VdgEw,,,,Mumbai,Karnataka,400001,,M
1267.0,RIIKDQ,XDDnO,,,,Delhi,Telangana,380001,2018-06-11,M
1268.0,OXVKEe,suxjX,oxvkee@mail..com,,,Bengaluru,Delhi,600001,,M
1269.0,DrlbBB,wahUU,,9100963494,,Delhi,Karnataka,500081,2023-07-09,
1270.0,lUszxf,avSzo,,4433460255,,Hyderabad,Telangana,,,
1271.0,INAABd,leYPv,,3978655387,,Kolkata,Delhi,600001,,M
1272.0,VIYWxA,nwNmq,,,,Bengaluru,Telangana,,,F
1273.0,dlfXsg,HIKsd,dlfxsg@example.com,6133751501,,Chennai,Karnataka,400001,,
1274.0,vySbGR,BWURU,,9658424261,,Delhi,Karnataka,110001,,
1275.0,autATy,qeqlQ,autaty@example.com,9850448459,2023-10-10,Chennai,Tamil Nadu,400001,,M
1276.0,PosGVm,kawBf,,,,Bengaluru,Delhi,500081,,F
1277.0,XKeMqx,sLYpQ,xkemqx@mail..com,1814869783,,Bengaluru,Delhi,,,F
1278.0,CrqwMz,tINSB,crqwmz@mail..com,2798247145,,Delhi,Maharashtra,700001,,
1279.0,mkChpY,oqceS,,,2024-07-26,Pune,Telangana,600001,,F
1280.0,XZMVyt,MuiWA,,9924899606,,Ahmedabad,Delhi,400001,,
1281.0,ZjgFjD,OLjYl,zjgfjd@mail..com,9878125805,,Kolkata,Gujarat,,,M
1282.0,CBVmna,slkVA,,,,Hyderabad,Tamil Nadu,500081,,M
1283.0,xwPEwh,OPdvS,,3262365852,2021-06-19,Kolkata,Karnataka,,,F
1284.0,yTlkum,pcyMY,,7228308284,,Bengaluru,Karnataka,500081,,
1285.0,bXdXfv,wZYBs,,,,Mumbai,Telangana,700001,,
1286.0,aqwbMO,MPjua,,0126186978,,Hyderabad,Tamil Nadu,380001,,
1287.0,CqyWSh,sTVoU,cqywsh@mail..com,1228486041,,Chennai,West Bengal,600001,,F
1288.0,weCmlk,NnDqn,wecmlk@example.com,5751751819,,Kolkata,Karnataka,600001,,F
1289.0,fwuaYi,iYSNy,,2908208610,2023-06-23,Ahmedabad,Delhi,400001,,
1290.0,lXpNWY,mHskE,,8535195682,2019-08-13,Mumbai,Tamil Nadu,,,M
1291.0,YNoISI,bqCVy,,9002252101,,Chennai,West Bengal,500081,,
1292.0,JAoXuJ,kpott,jaoxuj@example.com,,2016-07-07,Pune,Tamil Nadu,500081,,M
1293.0,fafawE,iRgBX,,9357103739,2019-03-10,Pune,Maharashtra,,,F
1294.0,Ifkydq,HdrzU,,8926097351,,Chennai,Telangana,700001,,
1295.0,PRTpSe,QzLxr,,6680790940,,Pune,Maharashtra,,,F
1296.0,FeWIOn,kUCSE,fewion@example.com,8087484680,2024-08-05,Bengaluru,Telangana,,,M
1297.0,JwWEuA,vqdbB,,,,Ahmedabad,Tamil Nadu,400001,,F
1298.0,KCdYRE,SNGSA,,,,Bengaluru,Maharashtra,,,M
1299.0,kLdPlU,Btuzz,kldplu@example.com,,,Hyderabad,Gujarat,560001,,M
1300.0,aMoOtc,SgLqO,,4551758734,,Hyderabad,West Bengal,,,M
1301.0,fSVykv,TZxWA,,7992699839,2023-05-09,Kolkata,Telangana,600001,,
1302.0,PxDkuN,plbdW,,,,Chennai,Karnataka,560001,,F
1303.0,yhOafi,ZMywl,,9472945602,,Ahmedabad,Delhi,,,F
1304.0,Swhsmd,ZDqqv,,3028959026,,Kolkata,West Bengal,700001,,F
1305.0,VmbGZl,iOcQw,,,,Hyderabad,Maharashtra,110001,,M
1306.0,iYfSYo,KXAwd,iyfsyo@mail..com,9382903213,,Pune,Maharashtra,700001,,M
1308.0,mwbHrr,zNENK,,9828230941,,Kolkata,Tamil Nadu,560001,,F
1309.0,JfWveo,qWPwr,,1628475902,,Mumbai,Delhi,560001,,M
1310.0,OCTImN,CNSLM,octimn@example.com,8549275058,,Kolkata,Telangana,600001,,M
1311.0,alLbZC,KUrZK,,7685011204,,Pune,Karnataka,560001,,F
1312.0,YROhfK,sBjOc,,5585630105,2015-01-02,Delhi,Gujarat,500081,,M
1313.0,vJzUgv,SVGko,vjzugv@mail..com,3025636335,,Delhi,Karnataka,400001,,M
1314.0,yhoLZV,ejflT,,,2018-08-15,Delhi,Tamil Nadu,,,M
1315.0,GWRJyB,Wgiwt,,1394146142,2024-01-16,Ahmedabad,Maharashtra,560001,,
1316.0,MKZYHy,MXiYW,,0846012807,,Hyderabad,Gujarat,700001,,M
1317.0,eTHKGb,XMgBR,,,,Pune,Delhi,500081,,
1319.0,sNyOxn,rifPB,,0923923553,,Hyderabad,Gujarat,600001,2023-03-07,F
1320.0,rJJEDt,ExyTD,,1316193487,,Hyderabad,Delhi,,,
1321.0,ZDOlvV,TqLOr,zdolvv@mail..com,7073426906,2020-03-01,Ahmedabad,Delhi,400001,,
1322.0,VETsND,zyeyG,,0560071865,2019-06-07,Kolkata,Delhi,700001,,M
1323.0,nENcKx,OZaAa,,,,Pune,West Bengal,400001,2021-11-12,
1324.0,kcZfgy,dHSnN,,,2019-12-25,Hyderabad,Gujarat,400001,2019-09-05,
1325.0,SqkdpH,eaVdU,,0706508937,,Hyderabad,Gujarat,560001,,F
1326.0,pluAQO,lskWS,pluaqo@mail..com,,,Delhi,Tamil Nadu,,,
1327.0,czBlEQ,nLMYd,,9267249151,,Kolkata,Maharashtra,500081,,
1328.0,qGRuZl,HkhWP,qgruzl@example.com,,,Hyderabad,Telangana,560001,,
1329.0,INUkWL,ZGFsi,,3734632570,2016-01-01,Pune,Telangana,560001,,
1330.0,CYWaID,KfYuD,,,,Kolkata,Tamil Nadu,400001,,
1331.0,nKHdEP,yIVrF,,6315568817,2016-09-11,Mumbai,Karnataka,110001,,
1332.0,SBztUs,HpXvI,,,2020-10-30,Bengaluru,Tamil Nadu,,,
1333.0,JBcCqM,WNMrf,jbccqm@example.com,,,Ahmedabad,Gujarat,500081,,F
1334.0,elBOCw,tGurW,,,,Mumbai,Gujarat,380001,,
1335.0,fWrjzk,zoqqi,fwrjzk@mail..com,,,Pune,Tamil Nadu,500081,,F
1336.0,mYtDNW,FeNzL,,,2019-02-03,Ahmedabad,Telangana,700001,,M
1337.0,AEJUTx,PFnnX,aejutx@mail..com,,,Delhi,Maharashtra,400001,,M
1338.0,yzmHel,xtUdS,yzmhel@mail..com,9978435682,2023-03-12,Chennai,Tamil Nadu,600001,,M
1339.0,oMwtCo,DDoWp,,,2016-02-27,Delhi,Karnataka,600001,,M
1340.0,mtPTtX,VECDZ,,1759557346,2021-03-11,Ahmedabad,Delhi,380001,,
1341.0,WxEQLT,vDIZA,,,,Ahmedabad,Telangana,380001,,
1342.0,eWFKJh,xipmr,,9741435899,2019-12-17,Hyderabad,Maharashtra,,,
1343.0,bAAarq,CakuG,,4263779378,,Ahmedabad,Gujarat,400001,,M
1344.0,umxbWz,WlDQO,umxbwz@example.com,,2020-05-17,Chennai,Delhi,110001,,
1345.0,tlvnVk,ONWwi,tlvnvk@mail..com,,,Pune,Delhi,,,M
1346.0,DxmVPp,qMHUz,,,,Chennai,Maharashtra,700001,,F
1347.0,kzpsyh,hWaot,,,,Bengaluru,Maharashtra,380001,,M
1348.0,moKwIc,RrpXC,,6085693632,,Chennai,Karnataka,380001,,F
1349.0,phisOV,bLmdN,,2686847600,,Kolkata,West Bengal,,,
1350.0,YUCNPv,RfaDf,,9554089513,,Delhi,Karnataka,,,
1351.0,fjectq,uhwfT,,,2016-03-18,Ahmedabad,Telangana,,,F
1352.0,OXEWPH,zsCGH,oxewph@mail..com,,,Delhi,Tamil Nadu,700001,,M
1353.0,WbotXe,OxUrS,,9342367194,,Kolkata,West Bengal,560001,,
1354.0,QDnARh,QQxEW,,,,Hyderabad,Gujarat,500081,,F
1355.0,Kjjisu,hXLRk,,9830062193,,Kolkata,Delhi,,,
1356.0,VHBiai,ukbII,,,,Delhi,Delhi,400001,,F
1357.0,ivxVwp,rAAgG,,,,Ahmedabad,Telangana,400001,2025-10-12,M
1358.0,FkdvsU,TLTvn,fkdvsu@mail..com,9934445700,2016-05-20,Bengaluru,Telangana,600001,,M
1359.0,ckJlkI,IUeau,,8145882569,,Delhi,Maharashtra,500081,,
1360.0,zVsmQS,eJOav,,7320196839,2021-03-11,Mumbai,Maharashtra,560001,,F
1361.0,YfPmcv,BbqyF,yfpmcv@mail..com,,,Pune,Telangana,,,
1362.0,ZysTvu,cBveu,,9242906497,,Delhi,Telangana,400001,,M
1363.0,RMuuca,HooQU,,5551245891,2023-10-20,Mumbai,Delhi,400001,,M
1364.0,bpIJCX,zTpHA,,,2024-04-27,Hyderabad,Karnataka,380001,,F
1365.0,RsHtaR,mzcTz,,9601416023,,Hyderabad,Karnataka,560001,,
1366.0,vvacqb,JZVqa,,9836297138,2017-07-17,Bengaluru,Maharashtra,600001,,F
1367.0,fdexFE,VnrfI,fdexfe@mail..com,,,Pune,Gujarat,110001,,F
1368.0,PZstyw,nmXhj,pzstyw@mail..com,,,Chennai,Maharashtra,380001,,M
1369.0,EYtxxe,cyzjg,,9847719349,,Pune,Telangana,110001,,M
1370.0,qXenLg,Pqspv,,9994948708,,Pune,Maharashtra,700001,,
1371.0,sManUH,WuVxu,,9164586580,,Delhi,Delhi,380001,,M
1372.0,addOHM,SOLKT,addohm@mail..com,8042263690,,Ahmedabad,Maharashtra,380001,,F
1373.0,oNhlRH,TgdeV,,,2015-08-13,Kolkata,West Bengal,700001,,F
1374.0,oJuhRz,qNmXN,,7003816299,2016-03-02,Hyderabad,West Bengal,110001,,
1375.0,azFJHB,JqMcC,azfjhb@mail..com,9263822342,2022-11-15,Kolkata,Gujarat,,,
1376.0,yewOiX,dQKPq,,9720913354,,Kolkata,Tamil Nadu,700001,,M
1377.0,FzDABx,ucXMF,,,,Mumbai,Telangana,600001,,F
1378.0,AkNhIg,rhCOT,,9134387289,,Bengaluru,West Bengal,,,M
1379.0,eojHzh,zKSjO,,0205823507,2018-03-23,Kolkata,Gujarat,700001,,
1380.0,XPlTHV,DsSJz,xplthv@mail..com,2274431564,,Mumbai,Tamil Nadu,110001,,M
1381.0,IHmkfy,XJjnY,,8878117189,,Delhi,Maharashtra,,,F
1382.0,ERmaBs,XkGgX,ermabs@example.com,,2024-02-24,Mumbai,Tamil Nadu,,,F
1383.0,dfmWRp,COPCk,,,2024-12-15,Bengaluru,Gujarat,110001,,
1384.0,nniRqb,Taqms,nnirqb@mail..com,1227670516,,Chennai,Karnataka,,,F
1385.0,ECirzs,ZwpqS,,7404646647,,Bengaluru,Tamil Nadu,380001,,M
1386.0,ZErlEz,RnczG,,9725600510,,Kolkata,Tamil Nadu,,,F
1387.0,joYppD,msPqN,,5638394618,,Kolkata,Gujarat,600001,,M
1388.0,KKaYfF,YvSWM,,,,Ahmedabad,Karnataka,600001,,M
1389.0,cXseUt,qzZaO,cxseut@example.com,9767652902,,Hyderabad,Maharashtra,,,
1390.0,yDROow,nYaUb,,,,Hyderabad,Delhi,,,M
1391.0,MBwivo,Ehowq,,9010430916,,Kolkata,West Bengal,700001,,M
1392.0,DFqfWw,SOnGJ,,,,Delhi,Gujarat,560001,,
1393.0,YlQKgx,iptvn,,,2025-02-13,Hyderabad,Tamil Nadu,,,
1394.0,UdePmx,WJozL,,4790892599,,Hyderabad,Gujarat,,,F
1395.0,TPiMDR,DHymu,,,,Ahmedabad,Delhi,,2015-05-07,F
1396.0,ohffBg,BxwPw,,9601133236,2021-11-08,Bengaluru,Gujarat,,,
1397.0,PvSqgG,wOPMH,,,,Hyderabad,Delhi,,,M
1398.0,bPRyWh,Xaeto,bprywh@mail..com,,,Mumbai,West Bengal,110001,2020-02-07,M
1399.0,WCsMKI,RNvmr,,0939897619,2020-04-09,Mumbai,Telangana,700001,,M
1400.0,XCZRSM,wumWQ,xczrsm@mail..com,9714635679,,Delhi,Tamil Nadu,600001,,
1401.0,RPwlzO,nofZD,rpwlzo@example.com,1165084163,,Bengaluru,Telangana,,,F
1402.0,GhcIbd,SqMak,,,,Hyderabad,Tamil Nadu,560001,,
1403.0,EsFgHj,vnmZC,esfghj@mail..com,,,Hyderabad,Maharashtra,700001,,
1404.0,hQQDVZ,FuwwE,,5985248682,,Pune,West Bengal,,,
1405.0,COcmQM,yhPZD,cocmqm@example.com,,,Chennai,Maharashtra,700001,,F
1406.0,xFoRGJ,myuDx,,8785880154,,Ahmedabad,Gujarat,,,M
1407.0,pxKSit,PqRoM,,0512270851,,Delhi,Karnataka,,,F
1408.0,sBfGls,EtUIb,sbfgls@example.com,,2024-02-11,Ahmedabad,Tamil Nadu,560001,,M
1409.0,DeXsXP,aXKKZ,,4258608069,2021-05-06,Pune,Gujarat,,,F
1410.0,XJnZvk,oKwui,,9923788087,,Hyderabad,Tamil Nadu,700001,,M
1411.0,KDrYUV,dYzFj,,,,Pune,Maharashtra,500081,,F
1412.0,hyaoju,cEnMA,hyaoju@example.com,,,Bengaluru,Karnataka,,,M
1413.0,PpDPtt,XDISs,,9547398270,,Mumbai,Maharashtra,400001,,F
1414.0,PaCKSd,lIIYT,,2690107611,,Ahmedabad,West Bengal,,,
1415.0,awenwD,WEHyv,awenwd@example.com,9314007408,,Bengaluru,Telangana,600001,,F
1416.0,Cjotxf,Vzcwg,cjotxf@example.com,7717282067,,Mumbai,Karnataka,700001,,
1417.0,lvRVoJ,JfJcE,,,,Bengaluru,Gujarat,400001,,F
1418.0,dleaDb,QcduH,dleadb@example.com,,2023-01-21,Ahmedabad,Maharashtra,700001,2021-10-12,
1419.0,fgwtdK,DTYCu,,,,Mumbai,Karnataka,380001,,F
1420.0,WQGjTs,ZVunF,wqgjts@mail..com,,2024-03-10,Ahmedabad,Gujarat,,,
1421.0,UUNZHw,poXYS,uunzhw@mail..com,9720736476,,Chennai,Telangana,110001,2020-10-04,
1422.0,PoyFcR,Cmnaz,poyfcr@mail..com,0843909097,,Kolkata,Maharashtra,500081,,
1423.0,Aaozbi,qaiqj,,9333011404,,Kolkata,Maharashtra,560001,,
1424.0,HebMQf,LQzGc,,,2023-08-27,Ahmedabad,Telangana,400001,,
1425.0,DVnlyF,WJjkc,dvnlyf@example.com,,,Delhi,Telangana,500081,,F
1426.0,HBQDUu,jpYsK,hbqduu@example.com,,,Bengaluru,Gujarat,,,M
1427.0,VtmHYB,ETOmJ,vtmhyb@example.com,1282865715,2015-01-17,Kolkata,West Bengal,400001,,M
1428.0,aOmRVW,pczhc,,,,Pune,Karnataka,380001,,M
1429.0,kZkdCB,kTcxe,kzkdcb@mail..com,1406359105,,Delhi,Telangana,400001,,F
1430.0,CDatTu,JBTiE,,3523947651,,Ahmedabad,Delhi,600001,,M
1431.0,CBnLGV,LnBxD,,2293369631,,Chennai,Delhi,380001,,M
1432.0,VFEHpH,LaKxi,,4178509073,,Delhi,Delhi,110001,,M
1433.0,QYgyrZ,EoLmR,,1283844030,,Hyderabad,Delhi,500081,,M
1434.0,rxvugF,IRrgU,,2544650417,,Chennai,Tamil Nadu,560001,2018-11-07,M
1435.0,liLWCI,ZGPRI,lilwci@mail..com,3162671440,,Pune,Maharashtra,,2015-01-08,F
1436.0,zWKREv,Gauce,,,,Pune,Tamil Nadu,380001,2015-06-11,
1437.0,ODSaFw,ITqXW,,9045246878,2022-04-19,Chennai,Maharashtra,400001,,M
1438.0,ICAUJQ,OkfZt,,8046649880,,Chennai,Maharashtra,600001,,F
1439.0,ohxvPm,HNvhw,,9892862041,,Delhi,Telangana,,,M
1440.0,sHDVDM,LJTiP,shdvdm@mail..com,7083970669,,Ahmedabad,Maharashtra,500081,,
1441.0,YEqJBX,KMTcZ,,,,Pune,Telangana,,,
1442.0,OfPvGP,bFwpZ,ofpvgp@mail..com,1506111336,,Mumbai,Telangana,560001,2015-08-01,
1443.0,sDDsSB,nZUsg,,2927407460,2023-03-25,Kolkata,Maharashtra,110001,,
1444.0,MIoqby,LgBdf,mioqby@example.com,3606027952,,Chennai,Maharashtra,600001,,
1445.0,tHbugI,vWLTT,,4407607059,2023-04-30,Ahmedabad,Telangana,,,F
1446.0,KHGGRk,fAsnT,khggrk@mail..com,6994755316,,Kolkata,Telangana,700001,,M
1447.0,xPRZXs,lXdHD,,9722488640,,Kolkata,Karnataka,560001,,M
1448.0,OiBpFD,QINTc,oibpfd@example.com,,,Delhi,West Bengal,600001,,F
1449.0,RtFiCG,JKWzJ,,1964108127,,Mumbai,Tamil Nadu,,,
1450.0,kfSpIn,fKtoY,kfspin@mail..com,,,Delhi,Tamil Nadu,400001,,F
1451.0,WdsSlH,axqfC,,9610164103,,Hyderabad,Maharashtra,380001,,
1452.0,vuxtae,LmZNa,,,,Kolkata,West Bengal,500081,2020-05-03,F
1453.0,RRRuMT,EyYed,rrrumt@example.com,,,Chennai,Gujarat,400001,,M
1454.0,FpTNjq,bvftR,,,,Kolkata,Gujarat,500081,,F
1455.0,KdUvEd,HfTyS,kduved@example.com,,,Pune,Karnataka,380001,,M
1456.0,rdgxRH,xwkEY,,,,Chennai,Maharashtra,380001,,F
1457.0,hSAaIz,LxDAA,,4697541991,2022-10-21,Chennai,Tamil Nadu,,,M
1458.0,zrZaQk,WuSLe,,,,Hyderabad,Karnataka,,,F
1459.0,qFRPQH,vqDIi,,9356457166,,Bengaluru,Delhi,600001,,F
1460.0,EpMonO,CrFln,,,,Bengaluru,West Bengal,400001,,M
1461.0,GRwJHQ,URqeU,,,,Ahmedabad,West Bengal,400001,,F
1462.0,YvTcYr,YCoJn,,,,Ahmedabad,Tamil Nadu,600001,,F
1463.0,edOSes,wOJFG,,,,Hyderabad,Gujarat,700001,,F
1464.0,ZdDehS,lWRZx,,,,Hyderabad,Karnataka,380001,,F
1465.0,GMMnKn,eBagH,,,,Bengaluru,Maharashtra,560001,,M
1466.0,PmVksA,zgqiq,,2217574549,,Ahmedabad,Karnataka,700001,,F
1467.0,KSqqBZ,AFpyJ,,3334117478,,Ahmedabad,Delhi,600001,,M
1468.0,sgJvNW,YZtbe,,6407878894,,Pune,Telangana,,,F
1469.0,MeZZEy,SJSmj,mezzey@mail..com,7011726683,,Delhi,Delhi,380001,2018-10-01,M
1470.0,fGWiia,IOORJ,,5715458394,2021-08-24,Hyderabad,Tamil Nadu,380001,,
1471.0,LGdhEZ,pjAKP,lgdhez@example.com,9266356641,,Pune,Tamil Nadu,400001,,F
1472.0,CCEPaY,ANWNB,ccepay@example.com,9427924295,,Hyderabad,Gujarat,500081,,F
1473.0,ORjSLz,vSOlX,orjslz@mail..com,9658286054,,Kolkata,Delhi,,2023-11-01,F
1474.0,ggNbQS,yFLKl,ggnbqs@example.com,9363006105,,Hyderabad,Karnataka,400001,,
1475.0,CeeqQb,SgrTi,,9550300984,2022-05-22,Kolkata,Delhi,400001,,
1476.0,HdIXjS,DSRqd,,,,Bengaluru,Karnataka,380001,,F
1477.0,hzbMsK,CwRkJ,,2209743038,,Bengaluru,Tamil Nadu,700001,,
1478.0,XflgEx,SEWPp,xflgex@example.com,,,Delhi,West Bengal,380001,,F
1479.0,mcPlYX,olfqA,mcplyx@example.com,9723640742,,Pune,Gujarat,600001,2017-11-07,
1480.0,VtRAJL,Soiff,vtrajl@mail..com,9110915907,,Ahmedabad,Tamil Nadu,,,M
1481.0,VMWuUy,buUHI,vmwuuy@mail..com,,,Mumbai,Tamil Nadu,500081,,M
1482.0,URtJlz,ephYS,,9654228330,,Chennai,Telangana,600001,,M
1483.0,yYwVhx,nveXF,yywvhx@mail..com,9205242084,,Bengaluru,Gujarat,380001,,F
1484.0,srVkIj,xjjbD,,9420394072,,Ahmedabad,Karnataka,110001,,
1485.0,GfNXUC,wIsXh,gfnxuc@example.com,,,Hyderabad,Gujarat,,,F
1486.0,CsiUCV,JHZXm,csiucv@mail..com,5388514056,,Hyderabad,West Bengal,400001,,F
1487.0,ajWTCv,gNgRP,ajwtcv@mail..com,9718878830,,Delhi,West Bengal,,,F
1488.0,DBaMHy,hJdSg,dbamhy@example.com,,,Hyderabad,West Bengal,500081,,
1489.0,XZUmxw,HmOWq,,,,Kolkata,Delhi,400001,,F
1490.0,MlLlYX,cJHeI,mlllyx@example.com,,,Delhi,Tamil Nadu,,,F
1491.0,XOxQCH,bsLef,xoxqch@example.com,6127472202,,Delhi,Karnataka,700001,,
1492.0,gwDvdM,tUbkx,,7329974399,,Pune,Maharashtra,400001,,F
1493.0,yLaTBF,kgCtA,ylatbf@example.com,,,Chennai,Tamil Nadu,500081,,
1494.0,JbXgou,COwyn,,9984742210,2015-12-16,Ahmedabad,Gujarat,400001,,
1495.0,MarHaU,Mofeo,,,,Delhi,West Bengal,,,
1496.0,izKDDs,IjJBb,,9244623945,,Mumbai,Maharashtra,600001,,F
1497.0,VJBdrb,vBjAm,vjbdrb@mail..com,6595997897,,Bengaluru,Telangana,700001,,F
1498.0,RvAhXO,ipAfJ,,,2023-12-20,Delhi,Gujarat,380001,,M
1499.0,JozZoZ,DZnwZ,,9924245424,,Bengaluru,Karnataka,400001,,F
1500.0,YbvNFH,dmCSc,,,,Pune,Maharashtra,110001,,F
